CASE_ID,ACCIDENT_YEAR,PROC_DATE,JURIS,COLLISION_DATE,COLLISION_TIME,OFFICER_ID,REPORTING_DISTRICT,DAY_OF_WEEK,CHP_SHIFT,POPULATION,CNTY_CITY_LOC,SPECIAL_COND,BEAT_TYPE,CHP_BEAT_TYPE,CITY_DIVISION_LAPD,CHP_BEAT_CLASS,BEAT_NUMBER,PRIMARY_RD,SECONDARY_RD,DISTANCE,DIRECTION,INTERSECTION,WEATHER_1,WEATHER_2,STATE_HWY_IND,CALTRANS_COUNTY,CALTRANS_DISTRICT,STATE_ROUTE,ROUTE_SUFFIX,POSTMILE_PREFIX,POSTMILE,LOCATION_TYPE,RAMP_INTERSECTION,SIDE_OF_HWY,TOW_AWAY,COLLISION_SEVERITY,NUMBER_KILLED,NUMBER_INJURED,PARTY_COUNT,PRIMARY_COLL_FACTOR,PCF_CODE_OF_VIOL,PCF_VIOL_CATEGORY,PCF_VIOLATION,PCF_VIOL_SUBSECTION,HIT_AND_RUN,TYPE_OF_COLLISION,MVIW,PED_ACTION,ROAD_SURFACE,ROAD_COND_1,ROAD_COND_2,LIGHTING,CONTROL_DEVICE,CHP_ROAD_TYPE,PEDESTRIAN_ACCIDENT,BICYCLE_ACCIDENT,MOTORCYCLE_ACCIDENT,TRUCK_ACCIDENT,NOT_PRIVATE_PROPERTY,ALCOHOL_INVOLVED,STWD_VEHTYPE_AT_FAULT,CHP_VEHTYPE_AT_FAULT,COUNT_SEVERE_INJ,COUNT_VISIBLE_INJ,COUNT_COMPLAINT_PAIN,COUNT_PED_KILLED,COUNT_PED_INJURED,COUNT_BICYCLIST_KILLED,COUNT_BICYCLIST_INJURED,COUNT_MC_KILLED,COUNT_MC_INJURED,PRIMARY_RAMP,SECONDARY_RAMP,LATITUDE,LONGITUDE,COUNTY,CITY,POINT_X,POINT_Y
7184490,2016,2016-02-19,2908,2016-02-04,0911,6189,13,4,5,3,2908,0,0,0,,0,003,"WEST RIVER ST","RIVER PARK PL",9.00,E,N,A,-,N,,,,,,,,,,Y,4,0,1,2,A,-,04,21703,,N,C,C,A,A,H,-,A,D,0,,,,,Y,,A,07,0,0,1,0,0,0,0,0,0,"- ","- ",,,NEVADA,TRUCKEE,-120.19357592,39.323186130000003
7189574,2016,2016-03-08,2908,2016-02-01,1451,6141,13,1,5,3,2908,0,0,0,,0,DOWNT,"BROCKWAY RD","RIVER ST",197.00,S,N,A,-,N,,,,,,,,,,Y,3,0,1,1,A,-,03,22350,,N,F,I,A,C,H,-,A,D,0,,,,,Y,,A,01,0,1,0,0,0,0,0,0,0,"- ","- ",,,NEVADA,TRUCKEE,-120.18209903,39.326056700000002
7190272,2016,2018-09-27,2908,2016-05-08,1920,6189,13,7,5,3,2908,0,0,0,,0,GLENSH,"GLENSHIRE DR","OLD HWY 40",31.00,W,N,A,-,N,,,,,,,,,,Y,1,1,1,2,A,-,01,23152,A,N,B,C,A,A,H,-,A,D,0,,,,,Y,Y,A,01,1,0,0,0,0,0,0,0,0,"- ","- ",,,NEVADA,TRUCKEE,-120.11861919,39.357357280000002
7192688,2016,2016-09-08,2908,2016-02-14,1352,6191,11,7,5,3,2908,0,0,0,,0,GATEWA,"DONNER PASS RD","RT 89 SOUTH",66.00,E,N,A,-,N,,,,,,,,,,N,4,0,2,3,A,-,03,22350,,N,C,C,A,A,H,-,A,A,0,,,,,Y,,A,07,0,0,2,0,0,0,0,0,0,"- ","- ",,,NEVADA,TRUCKEE,-120.19302999999999,39.325360000000003
7193762,2016,2016-03-04,2901,2016-02-24,1753,HER01,21,3,5,2,2901,0,0,0,,0,021,"EAST MAIN ST","EUREKA ST",0.00,,Y,A,-,N,,,,,,,,,,N,3,0,1,2,A,-,09,21804,,N,D,D,A,A,H,-,A,A,0,,,Y,,Y,,A,01,0,1,0,0,0,0,0,0,1,"- ","- ",,,NEVADA,"GRASS VALLEY",-121.05481989,39.221179999999997
7196752,2016,2016-03-03,2901,2016-01-27,1554,HER01,22,3,5,2,2901,0,0,0,,0,022,"IDAHO MARYLAND RD","IDAHO MARYLAND RD 625",0.00,,Y,A,-,N,,,,,,,,,,N,2,0,1,2,A,-,09,21804,A,N,D,C,A,A,H,-,A,A,0,,,Y,,Y,Y,A,01,1,0,0,0,0,0,0,0,1,"- ","- ",,,NEVADA,"GRASS VALLEY",-121.04349554,39.223252359999996
7198741,2016,2016-09-08,2902,2016-02-05,2200,MCL01,4,5,5,2,2902,0,0,0,,0,008,"RIDGE RD","ZION ST",0.00,,Y,A,-,N,,,,,,,,,,Y,3,0,1,2,A,-,03,22350,,N,C,C,A,A,H,-,D,A,0,,,,,Y,,A,01,0,1,0,0,0,0,0,0,0,"- ","- ",,,NEVADA,"NEVADA CITY",-121.02826997,39.24851992
7204307,2016,2016-03-25,2908,2016-02-25,1648,6141,13,4,5,3,2908,0,0,0,,0,PROSSE,"E ALDER CREEK RD","RAINBOW DR",480.00,E,N,A,-,N,,,,,,,,,,Y,4,0,1,2,A,-,03,22350,,N,C,E,A,A,H,-,B,D,0,,,,Y,Y,,D,22,0,0,1,0,0,0,0,0,0,"- ","- ",,,NEVADA,TRUCKEE,-120.18001176999999,39.36963823
8014435,2015,2016-05-16,2901,2015-11-26,2132,LOV01,23,4,5,2,2901,0,0,0,,0,023,"SUTTON WY","PLAZA DR",0.00,,Y,A,-,N,,,,,,,,,,N,4,0,2,3,A,-,11,21954,A,N,G,B,C,C,H,-,C,D,0,Y,,,,Y,Y,-,"- ",0,0,2,0,2,0,0,0,0,"- ","- ",,,NEVADA,"GRASS VALLEY",-121.03581990000001,39.231360000000002
8014444,2015,2016-05-11,2901,2015-12-09,1817,LOV01,23,3,5,2,2901,0,0,0,,0,023,"BRUNSWICK RD","EAST MAIN ST",0.00,,Y,C,-,N,,,,,,,,,,N,4,0,1,2,A,-,11,21954,,N,G,B,D,B,H,-,C,A,0,Y,,,,Y,Y,N,60,0,0,1,0,1,0,0,0,0,"- ","- ",,,NEVADA,"GRASS VALLEY",-121.03845996,39.236389989999999
8016283,2016,2017-02-11,2901,2016-02-27,1231,PER01,22,6,5,2,2901,0,0,0,,0,022,"COLFAX AV","OPHIR ST",0.00,,Y,B,-,Y,NEV,3,174,-,-,9.810,I,5,N,N,2,0,1,2,C,-,18,,,N,H,A,A,A,H,-,A,A,0,,,,,Y,Y,-,"- ",1,0,0,0,0,0,0,0,0,"- ","- ",,,NEVADA,"GRASS VALLEY",-121.05479061,39.215749330000001
8016867,2016,2016-04-15,2901,2016-04-03,1525,CLA01,22,7,5,2,2901,0,0,0,,0,022,"BENNETT ST","DEPOT ST",0.00,S,N,A,-,N,,,,,,,,,,Y,2,0,1,1,A,-,03,22350,,N,E,I,A,A,H,-,A,A,0,,,Y,,Y,Y,C,02,1,0,0,0,0,0,0,0,1,"- ","- ",,,NEVADA,"GRASS VALLEY",-121.05779994,39.217519899999999
8020058,2016,2016-08-26,2902,2016-03-05,0213,HOL01,2,6,5,2,2902,0,0,0,,0,008,"BOULDER ST","BOULDER ST  100",0.00,,Y,C,-,N,,,,,,,,,,Y,3,0,1,1,A,-,01,23153,A,N,E,I,A,B,H,-,C,D,0,,,,,Y,Y,D,22,0,1,0,0,0,0,0,0,0,"- ","- ",,,NEVADA,"NEVADA CITY",-121.01603507999999,39.262048720000003
8022742,2016,2017-02-24,2901,2016-04-18,0817,BAT01,22,1,5,2,2901,0,0,0,,0,022,"EMPIRE ST","RT 49",0.00,,Y,A,-,Y,NEV,3,49,-,R,14.320,R,4,N,Y,4,0,1,2,A,-,01,23152,E,N,D,C,A,A,H,-,A,A,0,,,,,Y,,A,01,0,0,1,0,0,0,0,0,0,"- ","- ",,,NEVADA,"GRASS VALLEY",-121.06752244,39.207262960000001
8022746,2016,2016-04-20,2901,2016-04-15,2330,BLA03,22,5,5,2,2901,0,0,0,,0,022,"COLFAX AV","CENTRAL AV",0.00,,Y,A,-,N,,,,,,,,,,Y,2,0,2,2,A,-,01,23153,,N,D,C,A,A,H,-,C,A,0,,,,,Y,Y,A,01,1,0,1,0,0,0,0,0,0,"- ","- ",,,NEVADA,"GRASS VALLEY",-121.05551994,39.215759980000001
8023604,2016,2016-04-26,2908,2016-04-07,1715,6193,DOWNT,4,5,3,2908,0,0,0,,0,013,"WEST RIVER ST","MCIVER XING",0.00,,Y,A,-,N,,,,,,,,,,Y,4,0,1,3,A,-,09,21804,A,N,D,C,A,A,H,-,B,A,0,,,,,Y,,A,01,0,0,1,0,0,0,0,0,0,"- ","- ",,,NEVADA,TRUCKEE,-120.19260585000001,39.323831060000003
8023636,2016,2016-04-26,2908,2016-04-09,1405,6148,13,6,5,3,2908,0,0,0,,0,DOWNTO,"BRIDGE ST","CHURCH ST",0.00,,Y,B,-,N,,,,,,,,,,N,4,0,1,2,A,-,10,21950,A,N,G,B,B,A,H,-,A,D,0,Y,,,,Y,Y,A,01,0,0,1,0,1,0,0,0,0,"- ","- ",,,NEVADA,TRUCKEE,-120.18426993999999,39.328639920000001
8031665,2016,2016-05-09,2901,2016-04-13,1417,HER01,23,3,5,2,2901,0,0,0,,0,023,"IDAHO MARYLAND RD","EAST MAIN ST",0.00,,Y,A,-,N,,,,,,,,,,Y,4,0,1,2,A,-,09,21803,,N,D,D,A,A,H,-,A,A,0,,,Y,,Y,,A,01,0,0,1,0,0,0,0,0,0,"- ","- ",,,NEVADA,"GRASS VALLEY",-121.05389700000001,39.221764999999998
8040518,2016,2016-05-18,2908,2016-05-04,1008,6159,11,3,5,3,2908,0,0,0,,0,TAHOED,"FJORD RD","NORTHWOODS BL",0.00,,Y,B,-,N,,,,,,,,,,Y,4,0,1,1,A,-,03,22350,,N,H,J,A,A,H,-,A,D,0,,,,,Y,,A,01,0,0,1,0,0,0,0,0,0,"- ","- ",,,NEVADA,TRUCKEE,-120.24807,39.359519910000003
8040545,2016,2016-05-18,2908,2016-04-22,1841,6139,11,5,5,3,2908,0,0,0,,0,DONNER,"DONNER PASS RD","EDDY AV",2640.00,W,N,D,-,N,,,,,,,,,,Y,3,0,1,1,A,-,03,22350,,N,E,I,A,C,H,-,B,D,0,,,,,Y,,A,01,0,1,0,0,0,0,0,0,0,"- ","- ",,,NEVADA,TRUCKEE,-120.26841234,39.326081770000002
8047950,2016,2016-06-06,2908,2016-05-19,0140,6170,11,4,5,3,2908,0,0,0,,0,TAHOED,"ALDER CREEK RD","CARPENTER VALLEY RD",113.00,W,N,A,-,N,,,,,,,,,,Y,4,0,1,1,A,-,01,23152,A,N,H,I,A,A,H,-,D,D,0,,,,,Y,Y,A,01,0,0,1,0,0,0,0,0,0,"- ","- ",,,NEVADA,TRUCKEE,-120.22902693,39.368672490000002
8048869,2016,2016-05-31,2901,2016-04-28,1200,COV01,23,4,5,2,2901,0,0,0,,0,023,"EAST MAIN ST","E MAIN ST 1793",0.00,,N,A,-,N,,,,,,,,,,Y,4,0,1,2,A,-,08,22107,,N,D,C,A,A,H,-,A,B,0,,,Y,,Y,,A,07,0,0,1,0,0,0,0,0,1,"- ","- ",,,NEVADA,"GRASS VALLEY",-121.03967071,39.235701890000001
8049443,2016,2016-08-29,2902,2016-05-08,0204,HOL01,2,7,5,2,2902,0,0,0,,0,008,"CHURCH ST","CHURCH ST 224",0.00,,Y,C,-,N,,,,,,,,,,Y,4,0,1,2,A,-,01,23152,A,M,F,C,A,B,H,-,C,A,0,,,,,Y,Y,A,07,0,0,1,0,0,0,0,0,0,"- ","- ",,,NEVADA,"NEVADA CITY",-121.01791888,39.263752310000001
8049467,2016,2016-06-02,2902,2016-05-19,1623,CLE01,2,4,5,2,2902,0,0,0,,0,008,"GOLD FLAT RD","GOLD FLAT RD 606",0.00,,Y,A,-,N,,,,,,,,,,N,4,0,1,1,A,-,03,22350,,N,H,A,A,A,H,-,A,D,0,,,Y,,Y,,-,"- ",0,0,1,0,0,0,0,0,1,"- ","- ",,,NEVADA,"NEVADA CITY",-121.01486448999999,39.248806160000001
8053691,2016,2016-06-06,2901,2016-05-24,0720,CLA01,23,2,5,2,2901,0,0,0,,0,023,"RIDGE RD","SLATE CREEK RD",0.00,,Y,B,-,N,,,,,,,,,,Y,4,0,1,2,A,-,09,21802,A,N,D,C,A,A,H,-,A,A,0,,,,,Y,,A,01,0,0,1,0,0,0,0,0,0,"- ","- ",,,NEVADA,"GRASS VALLEY",-121.06462000000001,39.233219920000003
8065666,2016,2016-06-22,2908,2016-05-29,2007,6139,13,7,5,3,2908,0,0,0,,0,DOWNTO,"DONNER PASS RD","SPRING ST",217.00,E,N,A,-,N,,,,,,,,,,N,4,0,1,2,A,-,01,21200,5,N,B,G,A,A,H,-,B,D,0,,Y,,,Y,Y,L,04,0,0,1,0,0,0,1,0,0,"- ","- ",,,NEVADA,TRUCKEE,-120.18607375000001,39.327661280000001
8065773,2016,2016-06-21,2908,2016-06-03,1004,6179,11,5,5,3,2908,0,0,0,,0,GATEWA,"DONNER PASS RD","FRATES LN",80.00,E,N,A,-,N,,,,,,,,,,Y,4,0,1,2,B,-,22,,,N,C,C,A,A,H,-,A,A,0,,,,,Y,,-,,0,0,1,0,0,0,0,0,0,"- ","- ",,,NEVADA,TRUCKEE,-120.20737735,39.326096049999997
8065777,2016,2016-06-21,2908,2016-06-07,1058,6159,11,2,5,3,2908,0,0,0,,0,GATEWA,"DONNER PASS RD","MEADOW WY",74.00,W,N,A,-,N,,,,,,,,,,N,3,0,1,3,A,-,08,22107,,N,E,G,A,A,H,-,A,D,0,,Y,,,Y,,A,01,0,1,0,0,0,0,1,0,0,"- ","- ",,,NEVADA,TRUCKEE,-120.21083149,39.326121069999999
8068817,2016,2016-06-27,2908,2016-06-14,1933,6193,SIERR,2,5,3,2908,0,0,0,,0,013,"BROCKWAY RD","PALLISADES DR",0.00,,Y,A,-,N,,,,,,,,,,N,4,0,1,2,A,-,21,22106,,N,C,C,A,A,H,-,B,A,0,,,,,Y,,D,22,0,0,1,0,0,0,0,0,0,"- ","- ",,,NEVADA,TRUCKEE,-120.17722990999999,39.326309930000001
8068819,2016,2016-06-27,2908,2016-06-04,1008,6179,11,6,5,3,2908,0,0,0,,0,TAHOED,"NORTHWOODS BL","HANSEL AV",220.00,E,N,A,-,N,,,,,,,,,,N,2,0,1,1,B,-,22,,,N,F,I,A,A,H,-,A,D,0,,Y,,,Y,,-,"- ",1,0,0,0,0,0,1,0,0,"- ","- ",,,NEVADA,TRUCKEE,-120.23690080999999,39.356556509999997
8075982,2016,2016-07-13,2901,2016-06-23,1938,COV01,21,4,5,2,2901,0,0,0,,0,021,"COLFAX AV","HANSEN WY",75.00,,N,A,-,N,,,,,,,,,,N,2,0,2,2,A,-,09,21804,,N,B,C,A,A,H,-,A,D,0,,,Y,,Y,,A,01,2,0,0,0,0,0,0,0,2,"- ","- ",,,NEVADA,"GRASS VALLEY",-120.9649199,39.13646997
8076809,2016,2016-11-07,2901,2016-07-05,0257,CLA01,21,2,5,2,2901,0,0,0,,0,021,"BRIGHTON ST","PACKARD DR",185.00,E,N,A,-,N,,,,,,,,,,N,4,0,1,2,A,-,01,23152,A,M,C,C,A,A,H,-,C,A,0,,,,,Y,Y,A,01,0,0,1,0,0,0,0,0,0,"- ","- ",,,NEVADA,"GRASS VALLEY",-121.07600441,39.211222380000002
8077061,2016,2016-09-27,2901,2016-07-02,0016,CAR02,23,6,5,2,2901,0,0,0,,0,023,"BRUNSWICK RD","PLAZA DR",0.00,,Y,A,-,N,,,,,,,,,,N,2,0,1,2,C,-,18,,,N,G,B,D,A,H,-,C,A,0,Y,,,,Y,Y,-,"- ",1,0,0,0,1,0,0,0,0,"- ","- ",,,NEVADA,"GRASS VALLEY",-121.03307989,39.234579930000002
8078915,2016,2017-02-11,2908,2016-06-22,1400,6123,11,3,5,3,2908,0,0,0,,0,DOWNTO,"DONNER PASS RD","RT 80",0.00,,Y,A,-,Y,NEV,3,80,-,-,19.420,R,4,W,N,3,0,1,1,A,-,21,22106,,N,G,B,A,A,H,-,A,A,0,,,,,Y,,A,01,0,1,0,0,0,0,0,0,0,"- ","- ",,,NEVADA,TRUCKEE,-120.12770949999999,39.362579420000003
8081103,2016,2017-02-28,2908,2016-07-14,1614,6159,13,4,5,3,2908,0,0,0,,0,PROSSE,"RT 89","ALDER DR",49.00,N,N,A,-,Y,NEV,3,89,-,-,1.180,H,-,N,N,3,0,2,1,A,-,03,22350,,N,F,I,A,A,H,-,A,A,0,,,Y,,Y,,C,02,0,2,0,0,0,0,0,0,2,"- ","- ",,,NEVADA,TRUCKEE,-120.17297138000001,39.345667800000001
8081111,2016,2017-02-28,2908,2016-07-19,1417,6523,,2,5,3,2908,0,0,0,,0,013,"RT 89","HENNESS RD",27.00,S,N,A,-,Y,NEV,3,89,-,-,0.826,I,5,N,N,3,0,1,2,A,-,09,21803,A,F,H,G,A,A,H,-,A,A,0,,Y,,,Y,,A,01,0,1,0,0,0,0,1,0,0,"- ","- ",,,NEVADA,TRUCKEE,-120.1686818,39.337979449999999
8088836,2016,2016-09-13,2908,2016-08-18,1233,6123,,4,5,3,2908,0,0,0,,0,013,"BROCKWAY RD","PALISADES DR",180.00,E,N,A,-,N,,,,,,,,,,N,4,0,1,2,A,-,04,21703,,N,C,C,A,A,H,-,A,B,0,,,,,Y,,J,48,0,0,1,0,0,0,0,0,0,"- ","- ",,,NEVADA,TRUCKEE,-120.17659394,39.326309999999999
8092881,2016,2016-07-28,2908,2016-06-26,1153,6184,11,7,5,3,2908,0,0,0,,0,TAHOED,"ALDER CREEK DR","WOLFGANG RD",295.00,E,N,A,-,N,,,,,,,,,,N,3,0,1,1,A,-,03,22350,,N,F,J,A,A,H,-,A,D,0,,Y,,,Y,,L,04,0,1,0,0,0,0,1,0,0,"- ","- ",,,NEVADA,TRUCKEE,-120.25284634,39.364144420000002
8092915,2016,2016-08-10,2908,2016-07-09,1823,6159,11,6,5,3,2908,0,0,0,,0,TAHOED,"NORTHWOODS BL","ZURICH PL",0.00,,N,A,-,N,,,,,,,,,,Y,4,0,1,2,A,-,12,22450,A,N,D,C,A,A,H,-,A,A,0,,,,,Y,,A,01,0,0,1,0,0,0,0,0,0,"- ","- ",,,NEVADA,TRUCKEE,-120.21710994999999,39.340609950000001
8092919,2016,2016-07-28,2908,2016-07-11,0820,6123,,1,5,3,2908,0,0,0,,0,011,"WEST RIVER ST","MCIVER XING",1056.00,W,N,A,-,N,,,,,,,,,,Y,3,0,1,2,A,-,09,21801,A,N,D,C,A,A,H,-,A,D,0,,,Y,,Y,,A,01,0,1,0,0,0,0,0,0,1,"- ","- ",,,NEVADA,TRUCKEE,-120.19533634,39.321858499999998
8098712,2016,2016-08-08,2901,2016-07-19,1527,HOO02,21,2,5,2,2901,0,0,0,,0,021,"WEST MAIN ST","S CHURCH ST",0.00,,Y,A,-,N,,,,,,,,,,Y,3,0,1,2,A,-,07,21658,A,N,C,E,A,A,H,-,A,A,0,,,,,Y,,A,01,0,1,0,0,0,0,0,0,0,"- ","- ",,,NEVADA,"GRASS VALLEY",-121.06370987,39.21910991
8099715,2016,2016-08-11,2908,2016-07-17,2023,6186,11,7,5,3,2908,0,0,0,,0,DONNER,"DONNER PASS RD","DONNER PASS RD 12950",88.00,E,N,A,-,N,,,,,,,,,,N,2,0,1,1,A,-,05,21650,1,N,H,J,A,A,H,-,B,D,0,,Y,,,Y,Y,L,04,1,0,0,0,0,0,1,0,0,"- ","- ",,,NEVADA,TRUCKEE,,
8099719,2016,2016-08-11,2908,2016-07-29,0740,6522,13,5,5,3,2908,0,0,0,,0,FAIRWA,"BROCKWAY RD","REYNOLDS WY",36.00,N,N,A,-,N,,,,,,,,,,N,4,0,1,1,C,-,18,,,N,H,H,A,A,H,-,A,D,0,,Y,,,Y,,-,"- ",0,0,1,0,0,0,1,0,0,"- ","- ",,,NEVADA,TRUCKEE,-120.16782904,39.32373089
8102620,2016,2016-08-17,2908,2016-07-28,1225,6523,11,4,5,3,2908,0,0,0,,0,DONNER,"DONNER PASS RD E","SUMMIT DR",61.00,E,N,A,-,N,,,,,,,,,,Y,4,0,1,4,A,-,03,22350,,N,C,C,A,A,D,H,A,D,0,,,,,Y,,-,,0,0,1,0,0,0,0,0,0,"- ","- ",,,NEVADA,TRUCKEE,-120.24257394999999,39.3273808
8102624,2016,2016-10-20,2908,2016-08-09,1330,6123,,2,5,3,2908,0,0,0,,0,013,"DONNER PASS RD","MCIVERS CROSSING",0.00,,Y,A,-,N,,,,,,,,,,N,4,0,1,2,A,-,09,21803,A,N,B,C,A,A,H,-,A,A,0,,,,,Y,,A,01,0,0,1,0,0,0,0,0,0,"- ","- ",,,NEVADA,TRUCKEE,,
8103211,2016,2016-08-23,2901,2016-08-11,2154,BLA03,21,4,5,2,2901,0,0,0,,0,021,"ALTA ST","WEST MAIN ST",0.00,,Y,A,-,N,,,,,,,,,,Y,3,0,1,1,A,-,01,23152,A,N,F,I,A,A,H,-,C,A,0,,,,,Y,Y,I,10,0,1,0,0,0,0,0,0,0,"- ","- ",,,NEVADA,"GRASS VALLEY",-121.06707996999999,39.21999993
8104040,2016,2017-02-24,2901,2016-08-13,0454,BLA03,22,6,5,2,2901,0,0,0,,0,022,"RT 174","HAPPY DALE RD",74.00,E,N,A,-,Y,NEV,3,174,-,-,9.480,H,-,N,Y,2,0,1,1,A,-,08,22107,,N,A,I,A,A,H,-,D,D,0,,,,,Y,,A,01,1,0,0,0,0,0,0,0,0,"- ","- ",,,NEVADA,"GRASS VALLEY",-121.05211018,39.211443170000003
8105789,2016,2016-08-26,2901,2016-08-16,1506,COV01,23,2,5,2,2901,0,0,0,,0,023,"IDAHOMARYLAND RD","IDAHOMARYLAND RD 561",11.00,N,N,A,-,N,,,,,,,,,,Y,3,0,1,2,A,-,09,21804,A,N,A,C,A,A,H,-,A,D,0,,,,,Y,,-,,0,1,0,0,0,0,0,0,0,"- ","- ",,,NEVADA,"GRASS VALLEY",-121.04539990000001,39.223426910000001
8109223,2016,2016-08-29,2908,2016-08-16,1533,6141,11,2,5,3,2908,0,0,0,,0,DONNER,"DONNER PASS RD","SOUTH SHORE DR",0.00,,Y,B,-,N,,,,,,,,,,N,2,0,1,2,A,-,09,21803,A,N,D,G,A,A,H,-,A,D,0,,Y,,,Y,,E,22,1,0,0,0,0,0,1,0,0,"- ","- ",,,NEVADA,TRUCKEE,-120.29095993999999,39.323059890000003
8109279,2016,2016-08-29,2908,2016-08-08,0800,6523,11,1,5,3,2908,0,0,0,,0,GATEWA,"DONNER PASS RD","PINE AV",0.00,,Y,A,-,N,,,,,,,,,,N,3,0,1,2,A,-,10,21950,A,N,G,B,B,A,H,-,A,D,0,Y,,,,Y,,I,11,0,1,0,0,1,0,0,0,0,"- ","- ",,,NEVADA,TRUCKEE,-120.20156,39.326189990000003
8109444,2016,2016-08-26,2908,2016-08-16,1215,6123,,2,5,3,2908,0,0,0,,0,013,"DONNER PASS RD","BRIDGE ST",1090.00,W,N,A,-,N,,,,,,,,,,N,3,0,1,2,A,-,21,22106,,N,G,B,E,A,D,-,A,D,0,Y,,,,Y,,A,01,0,1,0,0,1,0,0,0,0,"- ","- ",,,NEVADA,TRUCKEE,-120.18765463,39.327109479999997
8109448,2016,2016-10-20,2908,2016-08-09,1805,6193,SIERR,2,5,3,2908,0,0,0,,0,013,"BROCKWAY RD","HOPE CT",49.00,E,N,A,-,N,,,,,,,,,,Y,4,0,2,2,A,-,03,22350,,N,C,C,A,A,H,-,A,D,0,,,,,Y,,A,01,0,0,2,0,0,0,0,0,0,"- ","- ",,,NEVADA,TRUCKEE,-120.15865721,39.319838429999997
8109460,2016,2016-08-26,2908,2016-08-12,1220,6159,11,5,5,3,2908,0,0,0,,0,TAHOED,"NORTHWOODS BL","BERNESE LN",69.00,S,N,A,-,N,,,,,,,,,,N,3,0,1,1,A,-,03,22350,,N,F,I,A,A,H,-,A,D,0,,Y,,,Y,,L,04,0,1,0,0,0,0,1,0,0,"- ","- ",,,NEVADA,TRUCKEE,-120.21954964,39.339063240000002
8109476,2016,2017-02-24,2908,2016-08-11,0216,6162,13,4,5,3,2908,0,0,0,,0,PROSSE,"RT 89 N","RAINBOW RD",0.00,,Y,A,-,Y,NEV,3,89,-,-,2.118,I,6,N,Y,3,0,1,1,A,-,01,23153,A,F,E,I,A,A,H,-,D,D,0,,,,,Y,Y,A,01,0,1,0,0,0,0,0,0,0,"- ","- ",,,NEVADA,TRUCKEE,-120.17418877999999,39.359964939999998
8113257,2016,2016-11-08,2902,2016-08-08,1330,ROH01,,1,5,2,2902,0,0,0,,0,,"NIMROD ST","NIMROD ST 400",0.00,,N,A,-,N,,,,,,,,,,N,3,0,1,2,A,-,10,21950,A,N,G,B,C,A,H,-,A,A,0,Y,,,,Y,,A,01,0,1,0,0,1,0,0,0,0,"- ","- ",,,NEVADA,"NEVADA CITY",-121.01254106,39.259611290000002
8118325,2016,2017-02-24,2908,2016-08-29,1038,6123,,1,5,3,2908,0,0,0,,0,011,"DONNER PASS RD","CENTRAL TRUCKEE",17.00,E,N,A,-,Y,NEV,3,80,-,-,15.087,R,4,W,N,3,0,1,2,A,-,09,21802,A,N,B,G,A,A,H,-,A,A,0,,Y,,,Y,,A,07,0,1,0,0,0,0,1,0,0,"- ","- ",,,NEVADA,TRUCKEE,-120.19181261999999,39.326251470000003
8125891,2016,2016-09-27,2908,2016-09-08,2025,6170,11,4,5,3,2908,0,0,0,,0,TAHOED,"SKI SLOPE WY","DAVOS DR",7392.00,E,N,A,-,N,,,,,,,,,,N,2,0,1,1,A,-,03,22350,,N,H,J,A,A,H,-,D,D,0,,,Y,,Y,,C,02,1,0,0,0,0,0,0,0,1,"- ","- ",,,NEVADA,TRUCKEE,-120.23367501,39.337592309999998
8128624,2016,2016-11-17,2901,2016-09-09,1621,MCC04,21,5,5,2,2901,0,0,0,,0,021,"NEAL ST","HIGH ST",0.00,,Y,A,-,N,,,,,,,,,,Y,3,0,1,2,A,-,03,22350,,N,A,C,A,A,H,-,A,A,0,,,,,Y,,A,01,0,1,0,0,0,0,0,0,0,"- ","- ",,,NEVADA,"GRASS VALLEY",-121.06698996999999,39.218599949999998
8140187,2016,2016-10-07,2908,2016-09-26,1550,6139,13,1,5,3,2908,0,0,0,,0,DOWNTO,"CHURCH ST","SCHOOL ST",142.00,W,N,A,-,N,,,,,,,,,,N,4,0,1,2,A,-,21,22106,,M,G,B,E,A,H,-,A,D,0,Y,,,,Y,,-,,0,0,1,0,1,0,0,0,0,"- ","- ",,,NEVADA,TRUCKEE,-120.18355015,39.328856620000003
8140270,2016,2016-10-07,2908,2016-09-21,0913,6159,11,3,5,3,2908,0,0,0,,0,TAHOED,"DONNER PASS RD","NORTHWOODS BL",264.00,W,N,B,-,N,,,,,,,,,,N,4,0,1,2,A,-,03,22350,,N,C,C,A,A,H,-,A,D,0,,,,,Y,,-,,0,0,1,0,0,0,0,0,0,"- ","- ",,,NEVADA,TRUCKEE,-120.21931598,39.325712439999997
8145142,2016,2016-10-13,2901,2016-09-01,1925,CLO01,23,4,5,2,2901,0,0,0,,0,023,"BRUNSWICK RD","SUTTON WY",0.00,,Y,A,-,N,,,,,,,,,,Y,4,0,1,2,A,-,09,21453,C,N,D,C,A,A,H,-,A,A,0,,,,,Y,,A,01,0,0,1,0,0,0,0,0,0,"- ","- ",,,NEVADA,"GRASS VALLEY",-121.03396993,39.234589939999999
8150207,2016,2016-10-25,2901,2016-10-08,2057,BLA03,21,6,5,2,2901,0,0,0,,0,021,"BRIGHTON ST","MINNIE ST",0.00,,Y,A,-,N,,,,,,,,,,N,4,0,1,2,A,-,10,21950,A,M,G,B,B,A,H,-,C,A,0,Y,,,,Y,,A,01,0,0,1,0,1,0,0,0,0,"- ","- ",,,NEVADA,"GRASS VALLEY",-121.07211993,39.213849889999999
8153052,2016,2017-03-01,2908,2016-10-07,1748,6189,13,5,5,3,2908,0,0,0,,0,001,"RT 89","DEERFIELD DR",0.00,,N,A,-,Y,NEV,3,89,-,-,0.180,H,-,S,Y,3,0,3,2,B,-,22,,,N,C,C,A,A,H,-,A,D,0,,,,,Y,,A,01,0,1,2,0,0,0,0,0,0,"- ","- ",,,NEVADA,TRUCKEE,-120.20562403,39.317705949999997
8159225,2016,2016-11-03,2902,2016-10-10,1226,ROH01,,1,5,2,2902,0,0,0,,0,,"ZION ST","RIDGE RD",0.00,,-,A,-,N,,,,,,,,,,N,4,0,1,2,A,-,01,23153,A,F,A,C,A,A,H,-,A,A,0,,,Y,,Y,Y,A,01,0,0,1,0,0,0,0,0,0,"- ","- ",,,NEVADA,"NEVADA CITY",-121.02826997,39.24851992
8164896,2016,2016-11-09,2908,2016-10-26,2012,6162,13,3,5,3,2908,0,0,0,,0,SIERRA,"BROCKWAY RD","PALISADES ST",0.00,,Y,A,-,N,,,,,,,,,,Y,3,0,2,2,A,-,17,21454,C,N,A,C,A,A,H,-,C,A,0,,,,,Y,,A,01,0,2,0,0,0,0,0,0,0,"- ","- ",,,NEVADA,TRUCKEE,-120.17722990999999,39.326309930000001
8164904,2016,2016-11-09,2908,2016-10-25,1132,6159,13,2,5,3,2908,0,0,0,,0,DOWNTO,"BRIDGE ST","WEST RIVER ST",0.00,,Y,B,-,N,,,,,,,,,,N,4,0,1,2,A,-,08,22107,,N,D,G,A,A,H,-,A,A,0,,Y,,,Y,,A,01,0,0,1,0,0,0,1,0,0,"- ","- ",,,NEVADA,TRUCKEE,-120.18370987999999,39.327369930000003