CASE_ID,ACCIDENT_YEAR,PROC_DATE,JURIS,COLLISION_DATE,COLLISION_TIME,OFFICER_ID,REPORTING_DISTRICT,DAY_OF_WEEK,CHP_SHIFT,POPULATION,CNTY_CITY_LOC,SPECIAL_COND,BEAT_TYPE,CHP_BEAT_TYPE,CITY_DIVISION_LAPD,CHP_BEAT_CLASS,BEAT_NUMBER,PRIMARY_RD,SECONDARY_RD,DISTANCE,DIRECTION,INTERSECTION,WEATHER_1,WEATHER_2,STATE_HWY_IND,CALTRANS_COUNTY,CALTRANS_DISTRICT,STATE_ROUTE,ROUTE_SUFFIX,POSTMILE_PREFIX,POSTMILE,LOCATION_TYPE,RAMP_INTERSECTION,SIDE_OF_HWY,TOW_AWAY,COLLISION_SEVERITY,NUMBER_KILLED,NUMBER_INJURED,PARTY_COUNT,PRIMARY_COLL_FACTOR,PCF_CODE_OF_VIOL,PCF_VIOL_CATEGORY,PCF_VIOLATION,PCF_VIOL_SUBSECTION,HIT_AND_RUN,TYPE_OF_COLLISION,MVIW,PED_ACTION,ROAD_SURFACE,ROAD_COND_1,ROAD_COND_2,LIGHTING,CONTROL_DEVICE,CHP_ROAD_TYPE,PEDESTRIAN_ACCIDENT,BICYCLE_ACCIDENT,MOTORCYCLE_ACCIDENT,TRUCK_ACCIDENT,NOT_PRIVATE_PROPERTY,ALCOHOL_INVOLVED,STWD_VEHTYPE_AT_FAULT,CHP_VEHTYPE_AT_FAULT,COUNT_SEVERE_INJ,COUNT_VISIBLE_INJ,COUNT_COMPLAINT_PAIN,COUNT_PED_KILLED,COUNT_PED_INJURED,COUNT_BICYCLIST_KILLED,COUNT_BICYCLIST_INJURED,COUNT_MC_KILLED,COUNT_MC_INJURED,PRIMARY_RAMP,SECONDARY_RAMP,LATITUDE,LONGITUDE,COUNTY,CITY,POINT_X,POINT_Y
90090158,2015,2016-01-07,9230,2015-12-29,1450,014289,,2,2,9,2900,0,1,3,,1,051,"STATE HIGHWAY 20","HARMONY ESTATES RD",2640.00,W,N,A,-,Y,,,20,,,,,,,Y,3,0,2,2,A,-,05,21460,A,N,A,C,A,A,H,-,A,D,0,,,,,Y,,D,22,0,2,0,0,0,0,0,0,0,"- ","- ",39.283200000000001,-120.97132000000001,NEVADA,UNINCORPORATED,-120.97128011,39.283280959999999
90092041,2015,2016-01-11,9230,2015-12-26,1515,018057,,6,2,9,2900,0,1,3,,2,032,"SR-49 N/B","MCKNIGHT WAY",740.00,N,N,A,-,Y,,,,,,,,,,Y,2,0,1,1,A,-,08,22107,,N,E,I,A,A,H,-,A,D,0,,,,,Y,,A,01,1,0,0,0,0,0,0,0,0,"- ","- ",39.201929999999997,-121.06138,NEVADA,UNINCORPORATED,-121.06120951,39.201889600000001
90092266,2015,2016-01-11,9222,2015-12-28,1600,017550,,1,2,9,2900,0,1,1,,2,023,"I-80 W/B",FARAD,5280.00,W,N,D,-,Y,,,80,,,,,,W,Y,4,0,1,2,A,-,03,22350,,N,B,C,A,C,H,-,A,D,0,,,,,Y,,A,07,0,0,1,0,0,0,0,0,0,"- ","- ",39.409030000000001,-120.02719999999999,NEVADA,UNINCORPORATED,-120.02719428,39.409030280000003
90092281,2016,2016-01-11,9222,2016-01-05,1400,013160,,2,2,9,2900,0,3,5,,2,010,"INTERSTATE 80 (WESTBOUND)","CASTLE PEAK RD",1585.00,E,N,B,D,Y,,,80,,,,,,,Y,3,0,1,3,A,-,03,22350,,N,C,C,E,C,H,-,A,D,0,Y,,,Y,Y,,A,01,0,1,0,0,1,0,0,0,0,"- ","- ",39.341500000000003,-120.34299,NEVADA,UNINCORPORATED,-120.34295199,39.341379699999997
90092330,2016,2016-01-11,9222,2016-01-04,1650,017515,,1,2,9,2900,0,1,1,,2,021,"INTERSTATE 80 EASTBOUND","SODA SPRINGS OVERCROSSING",528.00,E,N,D,-,Y,,,80,,,,,,E,Y,3,0,2,1,A,-,03,22350,,N,E,J,A,C,H,-,D,D,0,,,,,Y,,A,07,0,1,1,0,0,0,0,0,0,"- ","- ",39.327480000000001,-120.38643999999999,NEVADA,UNINCORPORATED,-120.38643917,39.327512120000002
90092519,2016,2016-01-11,9222,2016-01-05,1014,017515,,2,1,9,2900,0,1,1,,2,024,"INTERSTATE 80 EASTBOUND","FLORISTON ROAD UNDER CROSSING",187.00,W,N,D,-,Y,,,80,,,,,,E,Y,3,0,1,2,A,-,03,22350,,N,D,C,A,C,H,-,A,A,0,,,,,Y,,A,01,0,1,0,0,0,0,0,0,0,"- ","- ",39.394350000000003,-120.0257,NEVADA,UNINCORPORATED,-120.02545895,39.394257289999999
90093386,2015,2016-01-12,9222,2015-12-24,1309,018593,,4,1,3,2908,0,1,1,,2,022,"INTERSTATE 80 EASTBOUND","DONNER PASS RD.",2640.00,W,N,D,-,Y,,,80,,,,,,E,Y,4,0,1,3,A,-,03,22350,,N,B,C,A,C,H,-,A,A,0,,,,,Y,,D,22,0,0,1,0,0,0,0,0,0,"- ","- ",39.32734,-120.23913,NEVADA,TRUCKEE,-120.23920981000001,39.327235219999999
90093418,2016,2016-01-12,9222,2016-01-07,1500,018593,,4,2,3,2908,0,1,1,,2,023,"INTERSTATE 80 EASTBOUND","STATE ROUTE 267",1056.00,W,N,D,-,Y,,,80,,,,,,E,N,4,0,1,2,A,-,03,22350,,N,E,I,A,C,H,-,A,D,0,,,,,Y,,A,01,0,0,1,0,0,0,0,0,0,"- ","- ",39.336620000000003,-120.17398,NEVADA,TRUCKEE,-120.17395698,39.336504390000002
90093436,2016,2016-01-12,9222,2016-01-06,0730,018593,,3,1,3,2908,0,1,1,,2,023,"INTERSTATE 80 EASTBOUND","HIRSCHDALE RD.",150.00,E,N,B,-,Y,,,,,,,,,,Y,2,0,1,1,A,-,03,22350,,N,E,I,A,C,H,-,A,D,0,,,,,Y,,D,22,1,0,0,0,0,0,0,0,0,"- ","- ",39.383839999999999,-120.08176,NEVADA,TRUCKEE,-120.08240336999999,39.38388063
90095095,2016,2016-01-14,9222,2016-01-05,1000,018515,,2,1,9,2900,0,1,1,,2,024,"I-80 EASTBOUND",FLORISTON,500.00,W,N,D,-,Y,,,,,,,,,,Y,4,0,1,2,A,-,03,22350,,N,C,C,A,C,H,-,A,A,0,,,,,Y,,D,22,0,0,1,0,0,0,0,0,0,"- ","- ",39.390889999999999,-120.02051,NEVADA,UNINCORPORATED,-120.02562,39.393079090000001
90096136,2016,2016-01-15,9230,2016-01-06,0900,013903,,3,1,9,2900,0,1,3,,2,042,"SR-20 W/B FROM BRUNSWICK RD.","BRUNSWICK RD",255.00,W,N,B,C,Y,,,,,,,,,,Y,3,0,1,1,A,-,03,22350,,N,E,I,A,B,H,-,A,D,0,,,,,Y,,D,22,0,1,0,0,0,0,0,0,0,"- ","- ",39.234900000000003,-121.03749999999999,NEVADA,UNINCORPORATED,-121.03725134,39.234809009999999
90096145,2016,2016-01-15,9230,2016-01-08,0635,012882,,5,1,9,2900,0,1,3,,2,042,"SR-20 (EASTBOUND)","DORSEY DR. O/C",1825.00,W,N,A,-,Y,,,,,,,,,,Y,2,0,1,1,A,-,03,22350,,N,F,A,A,B,H,-,C,D,0,,,,,Y,,A,07,1,0,0,0,0,0,0,0,0,"- ","- ",39.225659999999998,-121.04756999999999,NEVADA,UNINCORPORATED,-121.04764187000001,39.22588348
90096778,2016,2016-01-18,9230,2016-01-14,1800,016258,,4,2,9,2900,0,3,5,,2,030,"WOLF RD","WOLF RIDGE CT",5.00,N,N,B,C,N,,,,,,,,,,Y,4,0,2,2,A,-,05,21460,A,N,A,C,A,B,H,-,D,A,0,,,,,Y,,A,01,0,0,2,0,0,0,0,0,0,"- ","- ",39.080559999999998,-121.12426000000001,NEVADA,UNINCORPORATED,-121.12427473,39.080507160000003
90097045,2016,2016-01-18,9222,2016-01-03,0140,017907,,7,3,3,2908,0,1,1,,2,023,"I-80 E/B TO SR-267",SR-267,3.00,W,N,B,-,Y,,,80,,,,R,,E,Y,4,0,1,1,A,-,01,23152,A,N,E,I,A,A,H,-,C,D,0,,,,,Y,Y,A,01,0,0,1,0,0,0,0,0,0,"- ","- ",39.337139999999998,-120.16752,NEVADA,TRUCKEE,-120.16752,39.337139999999998
90097076,2015,2016-04-25,9222,2015-12-28,1113,015908,,1,1,9,2900,0,1,1,,2,021,"I-80 W/B","CASTLE PEAK U/C",2640.00,W,N,B,D,Y,,,80,,,,,,W,Y,4,0,1,3,A,-,03,22350,,N,C,C,A,C,H,-,A,D,0,,,,,Y,,A,01,0,0,1,0,0,0,0,0,0,"- ","- ",39.335290000000001,-120.35583,NEVADA,UNINCORPORATED,-120.35581981,39.335273860000001
90097585,2015,2016-01-19,9230,2015-12-19,1800,016569,,6,2,9,2900,0,1,3,,1,041,SR-174,"COUNTY LINE",1056.00,N,N,B,-,Y,,,,,,,,,,Y,4,0,1,2,A,-,05,21460,A,N,A,C,A,B,H,-,D,D,0,,,,,Y,,A,01,0,0,1,0,0,0,0,0,0,"- ","- ",39.133479999999999,-121.96026000000001,NEVADA,UNINCORPORATED,,
90097625,2016,2016-01-19,9221,2016-01-14,0805,016682,,4,1,9,2900,0,3,5,,2,060,"I-80 W/B","EAGLE LAKES RD.",3696.00,W,N,A,-,Y,,,80,,,,,,W,Y,3,0,1,1,A,-,03,22350,,N,E,J,A,B,H,-,A,D,0,,,,,Y,,A,01,0,1,0,0,0,0,0,0,0,"- ","- ",39.330399999999997,-120.57626999999999,NEVADA,UNINCORPORATED,-120.57630128,39.33032163
90097785,2016,2016-01-19,9230,2016-01-11,1230,013903,,1,1,9,2900,0,3,5,,2,040,"GREENHORN RD","LEAF LN",9.00,E,N,B,-,N,,,,,,,,,,Y,3,0,1,1,A,-,08,22107,,N,E,I,A,A,H,-,A,D,0,,,,,Y,,A,01,0,1,0,0,0,0,0,0,0,"- ","- ",39.215989999999998,-121.00369999999999,NEVADA,UNINCORPORATED,-121.00370739,39.216027359999998
90097814,2016,2016-01-19,9222,2016-01-17,1930,017550,,7,2,9,2900,0,1,1,,2,021,"I-80 E/B","DONNER SUMMIT",5808.00,E,N,D,-,Y,,,80,,,,,,E,N,4,0,1,3,A,-,08,22107,,N,C,C,E,C,H,-,D,A,0,Y,,,,Y,,A,07,0,0,1,0,1,0,0,0,0,"- ","- ",39.341200000000001,-120.32125000000001,NEVADA,UNINCORPORATED,-120.32127042,39.341108720000001
90097847,2016,2016-01-19,9222,2016-01-17,1940,017550,,7,2,9,2900,0,1,1,,2,021,"I-80 E/B","DONNER SUMMIT",5808.00,E,N,D,-,Y,,,80,,,,,,E,Y,4,0,1,2,A,-,03,22350,,N,C,C,A,C,H,-,D,A,0,,,,,Y,,A,01,0,0,1,0,0,0,0,0,0,"- ","- ",39.341200000000001,-120.32129999999999,NEVADA,UNINCORPORATED,-120.32131803999999,39.341119370000001
90099383,2015,2016-01-21,9230,2015-12-10,1800,016665,,4,2,9,2900,0,3,5,,2,050,"BACK BONE ROAD","SNOW TENT ROAD",235.00,W,N,C,E,N,,,,,,,,,,Y,1,1,0,1,A,-,03,22350,,N,F,I,A,C,H,-,D,D,0,,,,,Y,,A,07,0,0,0,0,0,0,0,0,0,"- ","- ",39.392139999999998,-120.90101,NEVADA,UNINCORPORATED,-120.90100836000001,39.392151089999999
90100182,2016,2016-01-21,9221,2016-01-14,1726,018940,,4,2,9,2900,0,1,1,,2,387,"I-80 E/B",SR-20,528.00,E,N,D,-,Y,,,80,,,,,,E,Y,4,0,2,2,A,-,03,22350,,N,C,E,A,C,H,-,C,A,0,,,,,Y,,D,22,0,0,2,0,0,0,0,0,0,"- ","- ",39.325809999999997,-120.5993,NEVADA,UNINCORPORATED,-120.59931696,39.32595602
90101018,2016,2016-01-22,9230,2016-01-12,1915,014289,,2,2,9,2900,0,1,3,,1,031,"STATE HIGHWAY 49","STREETER RD.",0.00,,Y,A,-,Y,,,49,,,,,,,Y,3,0,3,2,A,-,09,21801,A,N,A,C,A,A,H,-,C,D,0,,,,,Y,,A,07,0,2,1,0,0,0,0,0,0,"- ","- ",39.034799999999997,-121.09622,NEVADA,UNINCORPORATED,-121.09610664,39.034764180000003
90101044,2015,2016-01-25,9222,2015-12-24,1311,015913,,4,1,3,2908,0,1,1,,2,022,"I-80 EASTBOUND","DONNER PASS RD.",2640.00,W,N,D,-,Y,,,80,,,,,,E,Y,3,0,3,5,A,-,03,22350,,N,C,C,A,C,H,-,A,A,0,,,,Y,Y,,G,25,0,1,2,0,0,0,0,0,0,"- ","- ",39.32734,-120.23913,NEVADA,TRUCKEE,-120.23920981000001,39.327235219999999
90101498,2016,2016-01-25,9222,2016-01-07,1550,018315,,4,2,3,2908,0,1,1,,2,023,"I-80 (W/B)",SR-267,528.00,W,N,D,-,Y,,,80,,,,,,,Y,3,0,2,1,A,-,03,22350,,N,F,A,A,C,H,-,A,D,0,,,,,Y,,A,01,0,2,0,0,0,0,0,0,0,"- ","- ",39.337710000000001,-120.16967,NEVADA,TRUCKEE,-120.16966614,39.337696229999999
90101625,2016,2016-01-25,9230,2016-01-09,1412,016569,,6,2,9,2900,0,1,3,,1,041,SR-174,"BEHR MOUNTAIN RD",173.00,S,N,C,-,Y,,,174,,,,,,,Y,3,0,1,2,A,-,05,21460,A,N,A,C,A,B,H,-,A,D,0,,,,,Y,,A,01,0,1,0,0,0,0,0,0,0,"- ","- ",39.180630000000001,-120.97376,NEVADA,UNINCORPORATED,-120.97378615,39.180650020000002
90101685,2016,2016-01-25,9222,2016-01-07,1045,016035,,4,1,9,2900,0,3,5,,2,020,"WESTBOUND HWY 40 (OLD 40)","RAINBOW BRIDGE",3168.00,E,N,D,-,N,,,,,,,,,,Y,4,0,2,2,A,-,08,22107,,N,A,C,A,C,H,-,A,A,0,,,,,Y,,A,01,0,0,2,0,0,0,0,0,0,"- ","- ",39.319690000000001,-120.31694,NEVADA,UNINCORPORATED,,
90101750,2015,2016-01-25,9230,2015-12-11,0940,012882,,5,1,9,2900,0,3,5,,2,030,"WOLF RD.",SR-49,1848.00,W,N,B,-,N,,,,,,,,,,Y,1,1,0,1,A,-,08,22107,,N,F,A,A,B,H,-,A,A,0,,,,,Y,,A,07,0,0,0,0,0,0,0,0,0,"- ","- ",39.043289999999999,-121.1003,NEVADA,UNINCORPORATED,-121.10037111,39.043321110000001
90101793,2015,2016-01-25,9230,2015-12-09,2225,016868,,3,3,9,2900,0,3,5,,2,050,"GRACIE ROAD","DORCELLINE COURT",220.00,S,N,C,-,N,,,,,,,,,,Y,1,1,0,1,A,-,01,23152,A,N,E,I,A,B,H,-,D,D,0,,,,,Y,Y,A,01,0,0,0,0,0,0,0,0,0,"- ","- ",39.240560000000002,-120.99946,NEVADA,UNINCORPORATED,-121,39.240470000000002
90101810,2016,2016-01-25,9222,2016-01-16,2111,017658,,6,2,3,2908,0,1,1,,2,023,"I-80 EASTBOUND",SR-267,1056.00,E,N,A,-,Y,,,80,,,,,,E,Y,3,0,2,1,A,-,03,22350,,N,E,I,A,C,H,-,C,D,0,,,,,Y,,A,07,0,2,0,0,0,0,0,0,0,"- ","- ",39.339379999999998,-120.16543,NEVADA,TRUCKEE,-120.16561624000001,39.339631709999999
90101901,2016,2016-01-25,9230,2016-01-23,1245,012882,,6,1,9,2900,0,2,4,,1,043,"BRUNSWICK RD.","WOOD ROSE WY.",394.00,S,N,C,-,N,,,,,,,,,,Y,4,0,1,1,A,-,08,22107,,N,F,A,A,B,H,-,A,D,0,,,,,Y,,A,01,0,0,1,0,0,0,0,0,0,"- ","- ",39.205460000000002,-121.01146,NEVADA,UNINCORPORATED,-121.01158273,39.205631660000002
90102264,2016,2016-01-26,9230,2016-01-21,0230,016588,,4,3,9,2900,0,1,3,,1,061,SR-49,"SOUTH YUBA RIVER BRIDGE",480.00,N,N,B,-,Y,,,49,,,,,,,Y,2,0,2,1,A,-,01,23152,A,N,E,I,A,A,H,-,D,D,0,,,,,Y,Y,D,22,1,1,0,0,0,0,0,0,0,"- ","- ",39.297469999999997,-121.09307,NEVADA,UNINCORPORATED,-121.09304259,39.297394420000003
9010263,2019,2020-02-15,2901,2019-12-04,1400,SHI01,21,3,5,2,2901,0,0,0,,0,021,"SOUTH AUBURN ST","TINLOY ST",0.00,,Y,B,-,N,,,,,,,,,,Y,4,0,2,3,A,-,12,21453,A,N,D,C,A,B,H,-,A,A,0,,,,,Y,,A,07,0,0,2,0,0,0,0,0,0,"- ","- ",,,NEVADA,"GRASS VALLEY",-121.061745,39.216149999999999
90104418,2016,2016-01-28,9230,2016-01-26,1527,014289,,2,2,9,2900,0,3,5,,2,040,"GREENHORN RD","LOST LAKE RD.",110.00,E,N,A,-,N,,,,,,,,,,N,3,0,2,1,C,-,18,,,N,H,H,A,A,H,-,A,D,0,,,,,Y,,-,"- ",0,2,0,0,0,0,0,0,0,"- ","- ",39.214370000000002,-120.97687000000001,NEVADA,UNINCORPORATED,-120.97688199,39.214339950000003
90104476,2016,2016-01-28,9230,2016-01-27,1015,013903,,3,1,9,2900,0,1,3,,1,071,SR-20,"PLEASANT VALLEY RD",35.00,W,N,A,-,Y,,,20,,,,,,,N,4,0,1,2,A,-,03,22350,,N,C,C,A,A,H,-,A,A,0,,,,,Y,,A,07,0,0,1,0,0,0,0,0,0,"- ","- ",39.204599999999999,-121.2051,NEVADA,UNINCORPORATED,-121.20529783000001,39.205046979999999
90104867,2016,2016-01-28,9230,2016-01-19,1838,014289,,2,2,9,2900,0,3,5,,2,040,"EAST BENNETT ST.","NEW BRUNSWICK CT.",285.00,W,N,B,C,N,,,,,,,,,,Y,3,0,2,2,A,-,03,22350,,N,A,C,A,B,H,-,D,A,0,,,,,Y,,A,01,0,1,1,0,0,0,0,0,0,"- ","- ",39.211970000000001,-121.01881,NEVADA,UNINCORPORATED,-121.01870491,39.21202203
90106172,2016,2016-02-01,9222,2016-01-19,0845,015908,,2,1,9,2900,0,3,5,,2,020,"DONNER PASS RD.","SOUTH SHORE DR.",3696.00,E,N,D,-,N,,,,,,,,,,Y,4,0,1,1,A,-,03,22350,,N,E,I,A,C,H,-,A,A,0,,,,,Y,,A,07,0,0,1,0,0,0,0,0,0,"- ","- ",39.32546,-120.30256,NEVADA,UNINCORPORATED,-120.27862326,39.324701840000003
90106528,2016,2016-02-01,9230,2016-01-26,2225,012748,,2,3,9,2900,0,3,5,,2,060,"COYOTE STREET","NORTH BLOOMFIELD ROAD",685.00,S,N,A,-,N,,,,,,,,,,Y,3,0,1,2,A,-,03,22350,,N,A,C,A,A,H,-,D,D,0,,,,,Y,,A,01,0,1,0,0,0,0,0,0,0,"- ","- ",39.27364,-121.0155,NEVADA,UNINCORPORATED,-121.01555405000001,39.27399922
90106890,2016,2016-02-01,9222,2016-01-26,1610,016334,,2,2,9,2900,0,1,1,,2,024,"I-80  W/B","FLORISTON WAY",2650.00,W,N,A,-,Y,,,80,,,,,,W,Y,3,0,1,1,A,-,08,22107,,N,E,J,A,A,H,-,A,D,0,,,,,Y,,A,07,0,1,0,0,0,0,0,0,0,"- ","- ",39.388550000000002,-120.02484,NEVADA,UNINCORPORATED,-120.02486306,39.388551909999997
90108040,2016,2016-02-03,9230,2016-01-26,1305,013903,,2,1,9,2900,0,1,3,,1,041,SR-174,"MARK DR",325.00,N,N,A,-,Y,,,174,,,,,,,Y,4,0,1,1,A,-,08,22107,,N,E,I,A,A,H,-,A,D,0,,,,,Y,,D,22,0,0,1,0,0,0,0,0,0,"- ","- ",39.206899999999997,-121.0411,NEVADA,UNINCORPORATED,-121.04105783,39.207003980000003
90108996,2016,2016-02-04,9230,2016-01-25,1715,015030,,1,2,9,2900,0,1,3,,2,032,SR-49,"MCKNIGHT WAY O/C",2640.00,S,N,A,-,N,,,49,,,,,,,Y,4,0,2,2,A,-,03,22350,,N,C,C,A,A,H,-,D,D,0,,,,,Y,,A,01,0,0,2,0,0,0,0,0,0,"- ","- ",39.193460000000002,-121.05395,NEVADA,UNINCORPORATED,-121.05386948,39.193510109999998
90109308,2016,2016-02-04,9230,2016-01-24,1915,017889,,7,2,9,2900,0,1,3,,1,041,SR-174,"POWERLINE RD",163.00,S,N,B,C,Y,,,174,,,,,,,Y,3,0,1,1,A,-,01,23152,A,N,E,I,A,B,H,-,D,D,0,,,Y,,Y,Y,C,06,0,1,0,0,0,0,0,0,1,"- ","- ",39.155430000000003,-120.96807,NEVADA,UNINCORPORATED,-120.96806487000001,39.155432130000001
90109612,2016,2016-02-04,9230,2016-02-02,0835,014307,,2,1,9,2900,0,3,5,,2,060,"NORTH BLOOMFIELD ROAD","N. BLOOMFIELD RIDGE PLACE",300.00,N,N,D,-,N,,,,,,,,,,Y,3,0,3,2,A,-,03,22350,,N,C,C,A,C,H,-,A,D,0,,,,,Y,,A,01,0,1,2,0,0,0,0,0,0,"- ","- ",39.189500000000002,-120.58410000000001,NEVADA,UNINCORPORATED,-120.97826409,39.302619540000002
90110689,2016,2016-02-08,9230,2016-01-28,0800,018057,,4,1,9,2900,0,2,4,,1,043,"BRUNSWICK RD","LOMA RICA DR",150.00,N,N,A,-,N,,,,,,,,,,N,4,0,1,2,A,-,03,22350,,N,C,C,A,A,H,-,A,A,0,,,,,Y,,D,22,0,0,1,0,0,0,0,0,0,"- ","- ",39.219169999999998,-121.02375000000001,NEVADA,UNINCORPORATED,-121.02360933999999,39.219109670000002
90111042,2016,2016-02-08,9222,2016-01-31,1424,017288,,7,2,9,2900,0,1,1,,2,024,"I-80 E/B","SIERRA COUNTY LINE",4752.00,W,N,D,-,Y,,,80,,,,,,E,Y,4,0,2,4,A,-,03,22350,,M,C,C,A,C,H,-,A,D,0,,,,Y,Y,,G,25,0,0,2,0,0,0,0,0,0,"- ","- ",39.437570000000001,-120.02248,NEVADA,UNINCORPORATED,-120.02251763,39.437627429999999
90111263,2016,2016-02-08,9222,2016-01-31,1426,016334,,7,2,9,2900,0,1,1,,2,024,"I-80 E/B","SIERRA COUNTY LINE",5280.00,W,N,D,-,Y,,,80,,,,,,E,Y,2,0,2,4,A,-,03,22350,,N,C,C,A,C,H,-,A,D,0,,,,,Y,,D,22,2,0,0,0,0,0,0,0,0,"- ","- ",39.437139999999999,-120.02312999999999,NEVADA,UNINCORPORATED,-120.02316894000001,39.437201209999998
90111373,2016,2016-02-08,9230,2016-02-03,1420,014289,,3,2,9,2900,0,3,5,,2,050,"RED DOG RD.","BUCKEYE RD.",705.00,E,N,B,-,N,,,,,,,,,,N,3,0,1,1,A,-,03,22350,,N,F,A,A,B,H,-,A,D,0,,,Y,,Y,,C,02,0,1,0,0,0,0,0,0,1,"- ","- ",39.243580000000001,-120.92693,NEVADA,UNINCORPORATED,-120.92369622,39.238818620000004
90111429,2016,2016-02-08,9222,2016-01-31,1427,016334,,7,2,9,2900,0,1,1,,2,024,"I-80 E/B","SIERRA COUNTY LINE",5290.00,W,N,D,-,Y,,,80,,,,,,E,Y,4,0,1,6,A,-,03,22350,,N,B,C,A,A,H,-,A,D,0,,,,Y,Y,,G,25,0,0,1,0,0,0,0,0,0,"- ","- ",39.437139999999999,-120.02312999999999,NEVADA,UNINCORPORATED,-120.02316894000001,39.437201209999998
90112314,2016,2016-02-10,9230,2016-02-05,0300,012748,,5,3,9,2900,0,1,3,,1,061,SR-49,"SOUTH FORK YUBA RIVER",1584.00,N,N,A,-,Y,,,49,,,,,,,Y,3,0,1,1,A,-,08,22107,,N,E,I,A,A,H,-,D,D,0,,,,,Y,,A,07,0,1,0,0,0,0,0,0,0,"- ","- ",39.296909999999997,-121.09538000000001,NEVADA,UNINCORPORATED,-121.09536666,39.296867779999999
90113039,2016,2016-02-10,9221,2016-01-30,1220,020154,,6,1,9,2900,0,1,1,,2,387,"I-80 W/B","S YUBA RIVER BRIDGE #19-124L",310.00,W,N,A,-,Y,,,80,,,,,,W,Y,2,0,1,1,A,-,03,22350,,N,E,I,A,B,H,-,A,D,0,,,,,Y,,A,01,1,0,0,0,0,0,0,0,0,"- ","- ",39.31644,-120.55656999999999,NEVADA,UNINCORPORATED,-120.55659967,39.316402150000002
90113214,2016,2016-02-11,9230,2016-02-03,2023,016588,,3,2,2,2902,0,1,3,,2,042,"SR-20 E/B","BROAD STREET",495.00,W,N,B,C,Y,,,20,,,,,,E,Y,3,0,1,1,A,-,01,23152,A,N,E,I,A,B,H,-,D,D,0,,,,,Y,Y,A,07,0,1,0,0,0,0,0,0,0,"- ","- ",39.260469999999998,-121.01841,NEVADA,"NEVADA CITY",-121.01822473,39.260406430000003
90113287,2016,2016-02-11,9230,2016-01-27,2000,015030,,3,2,9,2900,0,1,3,,1,031,SR-49,"COMBIE ROAD",535.00,N,N,A,-,Y,,,49,,,,,,,Y,4,0,1,2,A,-,01,23152,A,N,B,C,A,A,H,-,D,D,0,,,,,Y,Y,D,22,0,0,1,0,0,0,0,0,0,"- ","- ",39.044119999999999,-121.09429,NEVADA,UNINCORPORATED,-121.09445746999999,39.0441395
90113317,2016,2016-02-11,9222,2016-01-31,1442,015908,,7,2,9,2900,0,1,1,,2,024,"I-80 E/B","FARAD RD.",7920.00,E,N,D,-,Y,,,80,,,,,,E,Y,2,0,1,4,A,-,03,22350,,N,C,C,A,C,H,-,A,D,0,,,,,Y,,D,22,1,0,0,0,0,0,0,0,0,"- ","- ",39.43882,-120.02069,NEVADA,UNINCORPORATED,-120.02069748,39.438831030000003
90115212,2016,2016-02-15,9222,2016-02-02,1508,015908,,2,2,9,2900,0,1,1,,2,021,"I-80 W/B","DONNER PASS RD. (SODA SPRINGS)",5280.00,E,N,D,-,Y,,,80,,,,,,W,Y,4,0,1,1,A,-,03,22350,,N,F,A,A,C,H,-,A,D,0,,,,Y,Y,,G,25,0,0,1,0,0,0,0,0,0,"- ","- ",39.32958,-120.36723000000001,NEVADA,UNINCORPORATED,-120.3672437,39.329607549999999
90115688,2016,2016-02-16,9230,2016-01-28,1650,016569,,4,2,9,2900,0,3,5,,2,030,"LA BARR MEADOWS RD","GRANGE LANE",308.00,S,N,B,-,N,,,,,,,,,,Y,4,0,1,2,A,-,03,22350,,N,C,C,A,B,H,-,A,D,0,,,,,Y,,A,01,0,0,1,0,0,0,0,0,0,"- ","- ",39.194780000000002,-121.05446999999999,NEVADA,UNINCORPORATED,-121.05457229,39.195042139999998
90115816,2016,2016-02-16,9230,2016-02-12,1250,018057,,5,1,9,2900,0,3,5,,2,030,"DOG BAR RD","LA BARR MEADOWS RD",0.00,,Y,A,-,N,,,,,,,,,,N,4,0,1,2,A,-,03,22350,,N,C,C,A,A,H,-,A,D,0,,,,,Y,,A,01,0,0,1,0,0,0,0,0,0,"- ","- ",39.1738,-121.04554,NEVADA,UNINCORPORATED,-121.04565992000001,39.174429930000002
90117125,2016,2016-02-18,9230,2016-02-10,0220,012748,,3,3,9,2900,0,3,5,,2,040,"E. BENNETT RD.","CORDELL COURT",526.00,W,N,A,-,N,,,,,,,,,,Y,3,0,1,1,A,-,08,22107,,N,E,I,A,A,H,-,D,D,0,,,,,Y,,A,07,0,1,0,0,0,0,0,0,0,"- ","- ",39.215769999999999,-121.03404,NEVADA,UNINCORPORATED,-121.03380034,39.215771570000001
90119295,2016,2016-02-22,9230,2016-02-02,1025,015030,,2,1,9,2900,0,1,3,,1,031,SR-49,"ALTA SIERRA DRIVE",0.00,,Y,C,-,Y,,,49,,,,,,,Y,4,0,1,2,A,-,12,21453,A,N,D,C,A,B,H,-,A,A,0,,,,,Y,,A,07,0,0,1,0,0,0,0,0,0,"- ","- ",39.141109999999998,-121.07114,NEVADA,UNINCORPORATED,-121.07117255999999,39.141115329999998
90119337,2016,2016-02-22,9230,2016-02-09,1700,015030,,2,2,9,2900,0,3,5,,2,060,"N BLOOMFIELD ROAD","BLUE TENT SCHOOL ROAD",384.00,N,N,A,-,N,,,,,,,,,,N,3,0,1,1,C,-,18,,,N,H,H,A,A,H,-,A,D,0,,,Y,,Y,,-,"- ",0,1,0,0,0,0,0,0,1,"- ","- ",39.309690000000003,-120.97378999999999,NEVADA,UNINCORPORATED,-120.9738548,39.309507439999997