CASE_ID,ACCIDENT_YEAR,PROC_DATE,JURIS,COLLISION_DATE,COLLISION_TIME,OFFICER_ID,REPORTING_DISTRICT,DAY_OF_WEEK,CHP_SHIFT,POPULATION,CNTY_CITY_LOC,SPECIAL_COND,BEAT_TYPE,CHP_BEAT_TYPE,CITY_DIVISION_LAPD,CHP_BEAT_CLASS,BEAT_NUMBER,PRIMARY_RD,SECONDARY_RD,DISTANCE,DIRECTION,INTERSECTION,WEATHER_1,WEATHER_2,STATE_HWY_IND,CALTRANS_COUNTY,CALTRANS_DISTRICT,STATE_ROUTE,ROUTE_SUFFIX,POSTMILE_PREFIX,POSTMILE,LOCATION_TYPE,RAMP_INTERSECTION,SIDE_OF_HWY,TOW_AWAY,COLLISION_SEVERITY,NUMBER_KILLED,NUMBER_INJURED,PARTY_COUNT,PRIMARY_COLL_FACTOR,PCF_CODE_OF_VIOL,PCF_VIOL_CATEGORY,PCF_VIOLATION,PCF_VIOL_SUBSECTION,HIT_AND_RUN,TYPE_OF_COLLISION,MVIW,PED_ACTION,ROAD_SURFACE,ROAD_COND_1,ROAD_COND_2,LIGHTING,CONTROL_DEVICE,CHP_ROAD_TYPE,PEDESTRIAN_ACCIDENT,BICYCLE_ACCIDENT,MOTORCYCLE_ACCIDENT,TRUCK_ACCIDENT,NOT_PRIVATE_PROPERTY,ALCOHOL_INVOLVED,STWD_VEHTYPE_AT_FAULT,CHP_VEHTYPE_AT_FAULT,COUNT_SEVERE_INJ,COUNT_VISIBLE_INJ,COUNT_COMPLAINT_PAIN,COUNT_PED_KILLED,COUNT_PED_INJURED,COUNT_BICYCLIST_KILLED,COUNT_BICYCLIST_INJURED,COUNT_MC_KILLED,COUNT_MC_INJURED,PRIMARY_RAMP,SECONDARY_RAMP,LATITUDE,LONGITUDE,COUNTY,CITY,POINT_X,POINT_Y
90894762,2018,2018-12-31,9230,2018-12-24,0830,017125,,1,1,9,2900,0,3,5,,2,050,"RED DOG RD","ERIN LN",100.00,E,N,B,C,N,,,,,,,,,,N,4,0,1,3,A,-,03,22350,,N,C,C,A,B,H,-,A,D,0,,,,,Y,,A,08,0,0,1,0,0,0,0,0,0,"- ","- ",39.259979248046875,-120.99691009521484,NEVADA,UNINCORPORATED,-120.99736022949219,39.260009765625
90894903,2018,2018-12-31,9221,2018-12-21,2245,014763,,5,3,9,2900,0,1,1,,2,387,"I-80 E/B TO SR-20 W/B",SR-20,1584.00,E,N,A,-,Y,,,80,,,,R,,E,Y,3,0,1,1,A,-,03,22350,,N,F,A,A,A,H,-,D,D,0,,,,,Y,Y,A,01,0,1,0,0,0,0,0,0,0,"- ","- ",39.325019836425781,-120.59877014160156,NEVADA,UNINCORPORATED,-120.59877014160156,39.325019836425781
90895739,2018,2019-01-02,9222,2018-12-23,0723,017091,,7,1,9,2900,0,1,1,,2,021,"INTERSTATE 80 W/B FROM SODA SPRINGS","DONNER PASS ROAD (OLD HWY 40)",20.00,W,N,B,C,Y,,,80,,,,R,,W,Y,3,0,2,1,A,-,03,22350,,N,E,J,A,B,H,-,A,A,0,,,,,Y,,A,01,0,2,0,0,0,0,0,0,0,"- ","- ",39.325618743896484,-120.39341735839844,NEVADA,UNINCORPORATED,-120.39341735839844,39.325618743896484
90896898,2018,2019-01-03,9230,2018-12-30,0925,017125,,7,1,9,2900,0,1,3,,1,031,SR-49,"TADPOLE CREEK RD",100.00,N,N,A,-,Y,,,49,,,,,,,Y,3,0,2,2,A,-,03,22350,,N,C,C,A,A,H,-,A,D,0,,,,,Y,,A,01,0,1,1,0,0,0,0,0,0,"- ","- ",39.13616943359375,-121.07192993164062,NEVADA,UNINCORPORATED,-121.07188415527344,39.136161804199219
90896995,2018,2019-01-03,9222,2018-12-23,0651,015908,,7,1,9,2900,0,1,1,,2,021,"I-80 W/B","CASTLE PEAK RD.",2640.00,W,N,A,-,Y,,,80,,,,,,W,Y,3,0,1,2,A,-,03,22350,,N,B,C,A,C,H,-,A,D,0,,,,,Y,,A,01,0,1,0,0,0,0,0,0,0,"- ","- ",39.335330963134766,-120.35569000244141,NEVADA,UNINCORPORATED,-120.35570526123047,39.335350036621094
90898337,2018,2019-09-26,9230,2018-08-06,1701,018698,,1,2,9,2900,0,1,3,,1,051,SR-20,"CHALK BLUFF RD",165.00,E,N,A,-,Y,,,20,,,,,,,Y,1,1,0,1,A,-,08,22107,,N,E,I,A,A,H,-,A,D,0,,,,,Y,,M,47,0,0,0,0,0,0,0,0,0,"- ","- ",39.308071136474609,-120.7625732421875,NEVADA,UNINCORPORATED,-120.7625732421875,39.30810546875
90898646,2019,2019-01-07,9230,2019-01-03,2230,016426,,4,3,9,2900,0,3,5,,2,070,"MC COURTNEY RD","PADDOCK LN",171.00,N,N,A,-,N,,,,,,,,,,Y,2,0,1,1,A,-,08,22107,,N,E,I,A,A,H,-,D,D,0,,,,,Y,,A,01,1,0,0,0,0,0,0,0,0,"- ","- ",39.200069427490234,-121.09211730957031,NEVADA,UNINCORPORATED,-121.09299468994141,39.198711395263672
90898700,2018,2019-01-07,9230,2018-12-29,1030,016665,,6,1,9,2900,0,1,3,,1,061,"SR-49 S/B","JOHN BARLEYCORN RD",100.00,N,N,A,-,Y,,,49,,,,,,S,Y,2,0,2,1,A,-,08,22107,,N,E,I,A,B,H,-,A,D,0,,,,,Y,,D,22,1,1,0,0,0,0,0,0,0,"- ","- ",39.272289276123047,-121.06352233886719,NEVADA,UNINCORPORATED,-121.06352996826172,39.272239685058594
90898998,2018,2019-01-07,9230,2018-12-26,2012,018107,,3,2,9,2900,0,3,5,,2,050,"PITTSBURG RD","PITTSBURG MINE RD",66.00,E,N,A,-,N,,,,,,,,,,Y,3,0,2,1,A,-,01,23152,A,N,E,I,A,A,H,-,D,D,0,,,,,Y,Y,A,07,0,2,0,0,0,0,0,0,0,"- ","- ",39.241779327392578,-121.02088928222656,NEVADA,UNINCORPORATED,-121.02089691162109,39.241851806640625
90899055,2018,2019-01-07,9230,2018-12-25,0501,018698,,2,3,9,2900,0,1,3,,1,061,SR-49,"SHOSHONI TRAIL CT",1056.00,N,N,B,E,Y,,,49,,,,,,,Y,3,0,1,1,A,-,03,22350,,N,E,I,A,B,H,-,D,A,0,,,,,Y,Y,A,07,0,1,0,0,0,0,0,0,0,"- ","- ",39.271240234375,-121.07106018066406,NEVADA,UNINCORPORATED,-121.07102966308594,39.271297454833984
90900299,2019,2019-01-08,9230,2019-01-06,2025,018459,,7,2,9,2900,0,3,5,,2,030,"DOG BAR RD","WHEELER ACRES RD",528.00,N,N,B,C,N,,,,,,,,,,N,4,0,1,1,C,-,18,,,N,E,J,A,B,H,-,D,D,0,,,,,Y,,-,"- ",0,0,1,0,0,0,0,0,0,"- ","- ",39.167240142822266,-121.04544067382812,NEVADA,UNINCORPORATED,-121.04489135742188,39.170875549316406
90900581,2018,2019-01-09,9230,2018-12-31,1930,018107,,1,2,9,2900,0,1,3,,1,041,SR-174,"CEDAR RIDGE DR",221.00,S,N,A,-,Y,,,174,,,,,,,Y,3,0,1,1,A,-,01,23152,A,N,E,I,A,A,H,-,D,D,0,,,,,Y,Y,A,01,0,1,0,0,0,0,0,0,0,"- ","- ",39.199188232421875,-121.01921081542969,NEVADA,UNINCORPORATED,-121.01920318603516,39.199123382568359
90900617,2018,2019-01-09,9222,2018-12-30,0759,015908,,7,1,3,2908,0,1,1,,2,023,"I-80 W/B","CENTRAL TRUCKEE",1056.00,W,N,A,-,Y,,,80,,,,,,W,Y,3,0,1,1,A,-,08,22107,,N,E,I,A,C,H,-,A,D,0,,,,,Y,,A,07,0,1,0,0,0,0,0,0,0,"- ","- ",39.323238372802734,-120.20218658447266,NEVADA,TRUCKEE,-120.20218658447266,39.323154449462891
90900624,2019,2019-01-09,9222,2019-01-03,0623,015908,,4,1,9,2900,0,1,1,,2,024,"I-80 W/B",HIRSCHDALE,4752.00,E,N,A,-,Y,,,80,,,,,,W,Y,2,0,1,1,A,-,08,22107,,N,E,I,A,A,H,-,B,D,0,,,,,Y,,A,01,1,0,0,0,0,0,0,0,0,"- ","- ",39.376548767089844,-120.07041931152344,NEVADA,UNINCORPORATED,-120.07048797607422,39.37646484375
90901130,2018,2019-01-09,9222,2018-12-30,0923,015908,,7,1,9,2900,0,3,5,,2,020,"DONNER PASS RD.","BUNNY HILL RD.",250.00,E,N,B,-,N,,,,,,,,,,Y,3,0,2,1,A,-,03,22350,,N,E,I,A,C,H,-,A,D,0,,,,,Y,,D,22,0,2,0,0,0,0,0,0,0,"- ","- ",39.322689056396484,-120.36775970458984,NEVADA,UNINCORPORATED,-120.3677978515625,39.322669982910156
90901400,2019,2019-01-10,9230,2019-01-03,1515,016258,,4,2,9,2900,0,3,5,,2,030,"BREWER RD","NANCY DR",528.00,W,N,B,-,N,,,,,,,,,,Y,2,0,1,1,A,-,03,22350,,N,F,A,A,A,H,-,A,D,0,,,Y,,Y,,C,02,1,0,0,0,0,0,0,0,1,"- ","- ",39.130748748779297,-121.04576110839844,NEVADA,UNINCORPORATED,-121.04681396484375,39.132686614990234
90902803,2019,2019-01-11,9230,2019-01-09,2250,020059,,3,3,9,2900,0,2,4,,2,073,"ROUGH AND READY HWY","SKYLINE DR",520.00,E,N,C,-,N,,,,,,,,,,Y,3,0,1,1,A,-,08,22107,,N,E,I,A,B,H,-,D,D,0,,,,,Y,,A,01,0,1,0,0,0,0,0,0,0,"- ","- ",39.230228424072266,-121.10453033447266,NEVADA,UNINCORPORATED,-121.10511779785156,39.230598449707031
90903322,2018,2019-01-14,9222,2018-12-21,0801,015239,,5,1,9,2900,0,1,1,,2,021,"I-80 WESTBOUND","CASTLE PEAK",3168.00,W,N,B,D,Y,,,80,,,,,,W,Y,4,0,1,1,A,-,03,22350,,N,E,I,A,C,H,-,A,D,0,,,,,Y,,D,22,0,0,1,0,0,0,0,0,0,"- ","- ",39.336288452148438,-120.35369873046875,NEVADA,UNINCORPORATED,-120.35395050048828,39.336631774902344
90903336,2019,2019-01-14,9222,2019-01-07,1355,017550,,1,1,9,2900,0,1,1,,2,024,"I-80 WB","HIRSCHDALE BRIDGE",1000.00,E,N,A,-,Y,,,80,,,,,,W,N,4,0,1,3,A,-,03,22350,,N,C,C,A,B,H,-,A,D,0,,,,Y,Y,,G,27,0,0,1,0,0,0,0,0,0,"- ","- ",39.382278442382812,-120.07711029052734,NEVADA,UNINCORPORATED,-120.07711791992188,39.382274627685547
90903892,2019,2019-01-14,9230,2019-01-09,2230,018771,,3,3,2,2902,0,3,5,,2,030,"WOLF ROAD","CAMERON WAY",950.00,E,N,B,C,N,,,,,,,,,,Y,3,0,1,1,A,-,01,23152,A,N,E,I,A,B,H,-,C,D,0,,,,,Y,Y,A,07,0,1,0,0,0,0,0,0,0,"- ","- ",39.050018310546875,-121.10594177246094,NEVADA,"NEVADA CITY",-121.10695648193359,39.050514221191406
90905383,2018,2019-01-16,9230,2018-12-13,1445,017935,,4,2,9,2900,0,3,5,,2,050,"BANNER QUAKER HILL RD","PASQUALE RD E.",740.00,W,N,B,-,N,,,,,,,,,,N,2,0,1,1,A,-,08,22107,,N,F,A,A,A,H,-,A,D,0,,,Y,,Y,,C,02,1,0,0,0,0,0,0,0,1,"- ","- ",39.261360168457031,-120.91787719726562,NEVADA,UNINCORPORATED,-120.91776275634766,39.26141357421875
90907333,2019,2019-01-18,9222,2019-01-16,0158,017288,,3,3,9,2900,0,1,1,,2,024,"I-80 WB","HIRSCHDALE ROAD",3168.00,E,N,D,-,Y,,,80,,,,,,W,Y,3,0,1,2,A,-,01,23152,A,N,D,C,A,C,H,-,D,D,0,,,,Y,Y,Y,A,08,0,1,0,0,0,0,0,0,0,"- ","- ",39.379161834716797,-120.07235717773438,NEVADA,UNINCORPORATED,-120.07240295410156,39.379123687744141
90908544,2019,2019-01-22,9222,2019-01-07,1228,015908,,1,1,9,2900,0,1,1,,2,021,"I-80 E/B","DONNER PASS RD. (SODA SPRINGS)",6864.00,E,N,A,-,Y,,,80,,,,,,E,Y,3,0,1,3,A,-,01,23152,A,N,C,C,A,B,H,-,A,D,0,,,,Y,Y,Y,A,07,0,1,0,0,0,0,0,0,0,"- ","- ",39.326240539550781,-120.37728118896484,NEVADA,UNINCORPORATED,-120.37728118896484,39.326206207275391
90908582,2018,2019-01-22,9222,2018-12-30,1015,015908,,7,1,3,2908,0,1,1,,2,023,"I-80 E/B","SR-89 SOUTH",1320.00,E,N,B,-,Y,,,80,,,,,,E,Y,4,0,1,2,A,-,07,21658,A,N,C,C,A,B,H,-,A,D,0,,,,,Y,,A,01,0,0,1,0,0,0,0,0,0,"- ","- ",39.323009490966797,-120.20274353027344,NEVADA,TRUCKEE,-120.20273590087891,39.322948455810547
90908668,2019,2019-01-22,9222,2019-01-19,0925,020546,,6,1,3,2908,0,1,1,,2,023,"I-80 W/B","OVERLAND TRAIL",3326.00,W,N,B,-,Y,,,,,,,,,,N,4,0,1,1,C,-,18,,,N,H,J,A,B,H,-,A,D,0,,,,,Y,,-,"- ",0,0,1,0,0,0,0,0,0,"- ","- ",39.190498352050781,-120.13707733154297,NEVADA,TRUCKEE,,
90909062,2019,2019-01-22,9230,2019-01-16,1705,014289,,3,2,9,2900,0,3,5,,2,070,"INDIAN SPRINGS RD","SPENCEVILLE RD",528.00,E,N,B,C,N,,,,,,,,,,Y,4,0,2,2,A,-,03,22350,,N,D,C,A,B,H,-,D,D,0,,,,,Y,,A,07,0,0,2,0,0,0,0,0,0,"- ","- ",39.178169250488281,-121.18849945068359,NEVADA,UNINCORPORATED,-121.19127655029297,39.17889404296875
90909153,2019,2019-01-22,9230,2019-01-21,2120,014289,,1,2,9,2900,0,3,5,,2,060,"N BLOOMFIELD RD","COYOTE ST",1056.00,N,N,A,-,N,,,,,,,,,,Y,3,0,1,1,A,-,03,22350,,N,E,I,A,B,H,-,D,D,0,,,,,Y,,A,01,0,1,0,0,0,0,0,0,0,"- ","- ",39.27880859375,-121.01383209228516,NEVADA,UNINCORPORATED,-121.01399230957031,39.278099060058594
90910837,2019,2019-01-24,9230,2019-01-23,0750,016426,,3,1,9,2900,0,1,3,,1,071,"SR-20 E/B","POKER FLATS RD",424.00,W,N,A,-,Y,,,20,,,,,,E,Y,4,0,2,3,A,-,03,22350,,N,C,C,A,B,H,-,A,D,0,,,,,Y,,D,22,0,0,2,0,0,0,0,0,0,"- ","- ",39.203620910644531,-121.23059844970703,NEVADA,UNINCORPORATED,-121.23059844970703,39.203624725341797
90914541,2019,2019-01-29,9230,2019-01-06,0935,017935,,7,1,9,2900,0,1,3,,1,051,"STATE ROUTE 20","JEFFERSON CREEK RD",2112.00,E,N,B,D,Y,,,20,,,,,,,Y,4,0,1,1,A,-,03,22350,,N,E,I,A,C,G,-,A,A,0,,,,,Y,,D,22,0,0,1,0,0,0,0,0,0,"- ","- ",39.324031829833984,-120.83245086669922,NEVADA,UNINCORPORATED,-120.83245849609375,39.323989868164062
90914659,2019,2019-01-29,9222,2019-01-21,2150,019294,,1,2,9,2900,0,1,1,,2,024,"INTERSTATE 80 W/B","SIERRA CO. LINE",3168.00,W,N,A,-,Y,,,80,,,,,,W,Y,4,0,2,1,A,-,03,22350,,N,E,I,A,C,H,-,D,D,0,,,,,Y,,A,07,0,0,2,0,0,0,0,0,0,"- ","- ",39.440410614013672,-120.01854705810547,NEVADA,UNINCORPORATED,-120.01851654052734,39.440353393554688
90914695,2019,2019-01-29,9230,2019-01-23,0745,013903,,3,1,9,2900,0,1,3,,1,071,"SR-20 E/B","POKER FLATS RD",1000.00,W,N,A,-,Y,,,20,,,,,,E,N,4,0,1,2,A,-,03,22350,,N,B,C,A,B,H,-,A,D,0,,,,,Y,,A,01,0,0,1,0,0,0,0,0,0,"- ","- ",39.204498291015625,-121.23259735107422,NEVADA,UNINCORPORATED,-121.23258972167969,39.204513549804688
90914736,2019,2019-01-29,9230,2019-01-26,1430,018459,,6,2,9,2900,0,3,5,,2,030,"DOG BAR RD","LA BARR MEADOWS RD",0.00,,Y,B,-,N,,,,,,,,,,N,4,0,1,2,A,-,09,21801,A,N,D,C,A,A,H,-,A,D,0,,,,,Y,,A,01,0,0,1,0,0,0,0,0,0,"- ","- ",39.173839569091797,-121.04556274414062,NEVADA,UNINCORPORATED,-121.04566192626953,39.174430847167969
90915538,2019,2019-01-30,9230,2019-01-30,0100,020059,,3,3,9,2900,0,3,5,,2,050,"WASHINGTON RD","PHELPS HILL RD",4700.00,N,N,B,-,N,,,,,,,,,,Y,2,0,1,1,A,-,08,22107,,N,E,I,A,A,H,-,D,D,0,,,,,Y,,A,01,1,0,0,0,0,0,0,0,0,"- ","- ",39.342861175537109,-120.80696105957031,NEVADA,UNINCORPORATED,-120.80702972412109,39.342750549316406
90915773,2018,2019-01-30,9230,2018-12-22,1740,017935,,6,2,2,2901,0,1,3,,1,071,"SR-20 E/B TO MCCOURTNEY RD","MCCOURTNEY RD",22.00,E,N,B,-,Y,,,20,,,,R,,E,Y,4,0,1,1,A,-,03,22350,,F,E,I,A,B,H,-,C,A,0,,,,,Y,,A,01,0,0,1,0,0,0,0,0,0,"- ","- ",39.209388732910156,-121.07141876220703,NEVADA,"GRASS VALLEY",-121.07141876220703,39.209388732910156
90915803,2019,2019-01-30,9230,2019-01-23,0745,017935,,3,1,9,2900,0,1,3,,1,071,"STATE ROUTE 20 E/B","POKER FLAT RD",50.00,W,N,A,-,Y,,,,,,,,,,Y,4,0,3,2,A,-,03,22350,,N,C,C,A,A,H,-,A,D,0,,,,,Y,,D,22,0,0,3,0,0,0,0,0,0,"- ","- ",39.209941864013672,-121.10356140136719,NEVADA,UNINCORPORATED,,
90918163,2019,2019-02-04,9230,2019-01-25,1704,014289,,5,2,9,2900,0,1,3,,1,061,"STATE HIGHWAY 49","READER RANCH RD",2640.00,S,N,A,-,Y,,,49,,,,,,,Y,2,0,1,2,A,-,07,21658,A,N,B,C,A,A,H,-,A,D,0,,,,,Y,,D,22,1,0,0,0,0,0,0,0,0,"- ","- ",39.301769256591797,-121.10881805419922,NEVADA,UNINCORPORATED,-121.10888671875,39.301746368408203
90918244,2019,2019-02-04,9230,2019-01-25,1418,018698,,5,2,9,2900,0,3,5,,2,030,"WOLF RD",SR-49,30.00,W,N,A,-,N,,,,,,,,,,Y,4,0,1,1,C,-,18,,,N,E,I,A,A,H,-,A,A,0,,,,,Y,,-,"- ",0,0,1,0,0,0,0,0,0,"- ","- ",38.956718444824219,-121.10162353515625,NEVADA,UNINCORPORATED,-121.0947265625,39.042606353759766
90918516,2019,2019-02-04,9230,2019-02-03,1730,018771,,7,2,9,2900,0,3,5,,2,040,"IDAHO MARYLAND RD","MADRONE FOREST DR",62.00,W,N,B,C,N,,,,,,,,,,Y,2,0,2,1,A,-,01,23152,A,N,E,I,A,B,H,-,D,D,0,,,,,Y,Y,A,01,1,1,0,0,0,0,0,0,0,"- ","- ",39.229000091552734,-121.00244140625,NEVADA,UNINCORPORATED,-121.00234222412109,39.229038238525391
90918749,2018,2019-02-04,9230,2018-12-07,1955,017935,,5,2,9,2900,0,1,3,,1,071,"STATE ROUTE 20","SOUTH PONDEROSA WAY",4224.00,W,N,A,-,Y,,,20,,,,,,,Y,1,1,0,1,A,-,08,22107,,N,E,I,A,A,H,-,D,D,0,,,,,Y,,A,01,0,0,0,0,0,0,0,0,0,"- ","- ",39.209270477294922,-121.12214660644531,NEVADA,UNINCORPORATED,-121.12216949462891,39.209159851074219
90919467,2019,2019-02-05,9222,2019-02-04,0225,017550,,1,3,9,2900,0,1,1,,2,022,"I-80 E/B","VISTA POINT",5280.00,W,N,D,-,Y,,,80,,,,,,E,Y,4,0,1,2,A,-,03,22350,,N,D,C,A,C,H,-,D,A,0,,,,Y,Y,,A,01,0,0,1,0,0,0,0,0,0,"- ","- ",39.338691711425781,-120.30899810791016,NEVADA,UNINCORPORATED,-120.30899047851562,39.338699340820312
90920148,2019,2019-02-06,9230,2019-02-04,1730,018459,,1,2,9,2900,0,2,4,,2,073,"ROUGH AND READY HWY","SOUTH PONDEROSA WAY",960.00,N,N,B,D,N,,,,,,,,,,Y,3,0,1,2,A,-,03,22350,,N,C,C,A,C,H,-,D,D,0,,,,,Y,,A,01,0,1,0,0,0,0,0,0,0,"- ","- ",39.233009338378906,-121.11824035644531,NEVADA,UNINCORPORATED,-121.12174987792969,39.232978820800781
90921711,2019,2019-02-07,9230,2019-02-02,1440,018771,,6,2,9,2900,0,1,3,,1,051,SR-20,"OMEGA ROAD",6864.00,E,N,D,-,Y,,,20,,,,,,,Y,3,0,1,1,A,-,03,22350,,N,E,I,A,C,G,-,A,A,0,,,,,Y,,A,07,0,1,0,0,0,0,0,0,0,"- ","- ",39.310188293457031,-120.76795959472656,NEVADA,UNINCORPORATED,-120.76796722412109,39.310169219970703
90922860,2019,2019-02-11,9230,2019-01-25,1628,018698,,5,2,9,2900,0,3,5,,2,030,"LIME KILN RD","AMBERLEY LN",10.00,W,N,A,-,N,,,,,,,,,,Y,2,0,1,1,A,-,03,22350,,N,F,A,A,A,H,-,A,A,0,,,Y,,Y,,C,02,1,0,0,0,0,0,0,0,1,"- ","- ",39.096820831298828,-121.1446533203125,NEVADA,UNINCORPORATED,-121.14466094970703,39.096836090087891
90923232,2019,2019-02-11,9222,2019-02-02,1740,015913,,6,2,3,2908,0,1,1,,2,023,"I-80 WESTBOUND","HIRSCHDALE RD.",1320.00,W,N,A,-,Y,,,80,,,,,,W,Y,4,0,2,1,A,-,03,22350,,N,F,A,A,C,H,-,B,D,0,,,,,Y,,A,07,0,0,2,0,0,0,0,0,0,"- ","- ",39.383598327636719,-120.09062957763672,NEVADA,TRUCKEE,-120.09062957763672,39.383632659912109
90923924,2019,2019-02-11,9230,2019-02-08,1550,018771,,5,2,9,2900,0,3,5,,2,050,"RED DOG ROAD","GOLD DIGGER WAY",27.00,W,N,B,-,N,,,,,,,,,,N,3,0,1,1,A,-,01,23152,A,N,E,I,A,A,H,-,A,D,0,,,,,Y,Y,A,07,0,1,0,0,0,0,0,0,0,"- ","- ",39.262451171875,-120.98613739013672,NEVADA,UNINCORPORATED,-120.98618316650391,39.262508392333984
90924468,2019,2019-02-12,9230,2019-02-04,1830,016665,,1,2,9,2900,0,3,5,,2,030,"AUBURN RD","PINGREE RD",95.00,W,N,B,F,N,,,,,,,,,,Y,2,0,1,1,A,-,03,22350,,N,E,I,A,C,H,-,D,D,0,,,,,Y,,A,07,1,0,0,0,0,0,0,0,0,"- ","- ",39.146591186523438,-121.07788848876953,NEVADA,UNINCORPORATED,-121.077880859375,39.145931243896484
90925420,2019,2019-02-13,9230,2019-02-07,1814,016426,,4,2,9,2900,0,3,5,,2,070,SR-20,"MELODY LN",500.00,E,N,B,-,Y,,,20,,,,,,,Y,4,0,1,2,A,-,01,23152,A,F,B,C,A,A,H,-,D,D,0,,,,,Y,Y,A,01,0,0,1,0,0,0,0,0,0,"- ","- ",39.209438323974609,-121.24891662597656,NEVADA,UNINCORPORATED,-121.24891662597656,39.209407806396484
90925632,2018,2019-02-20,9230,2018-10-06,1435,017889,,6,2,9,2900,0,1,3,,1,041,"STATE ROUTE 174 (COLFAX HIGHWAY)","LAKEWOOD LANE",0.00,,Y,A,-,Y,,,174,,,,,,,Y,1,1,1,2,A,-,01,23152,F,N,A,C,A,A,H,-,A,D,0,,,Y,,Y,,C,02,0,1,0,0,0,0,0,1,0,"- ","- ",39.162418365478516,-120.96829986572266,NEVADA,UNINCORPORATED,-120.96842956542969,39.162441253662109
90925702,2019,2019-02-13,9230,2019-02-02,1345,017889,,6,1,9,2900,0,3,5,,2,050,"WASHINGTON RD","MAIN ST",1056.00,S,N,B,C,N,,,,,,,,,,Y,3,0,1,1,A,-,01,23152,A,N,E,I,A,B,H,-,A,A,0,,,,,Y,Y,E,22,0,1,0,0,0,0,0,0,0,"- ","- ",39.354019165039062,-120.79808044433594,NEVADA,UNINCORPORATED,-121.01894378662109,39.263961791992188
90926048,2019,2019-02-13,9230,2019-02-08,1601,016426,,5,2,9,2900,0,1,3,,1,071,SR-20,"SOUTH PONDEROSA WAY",2112.00,W,N,B,-,Y,,,20,,,,,,,Y,4,0,1,2,A,-,07,21658,A,N,B,C,A,A,H,-,A,D,0,,,,,Y,,A,01,0,0,1,0,0,0,0,0,0,"- ","- ",39.207309722900391,-121.11724853515625,NEVADA,UNINCORPORATED,-121.11723327636719,39.207332611083984
90926081,2019,2019-02-13,9230,2019-02-08,1945,018771,,5,2,9,2900,0,1,3,,1,051,SR-20,"STEEP HILL RD",108.00,W,N,B,C,Y,,,20,,,,,,,Y,2,0,3,1,A,-,03,22350,,N,E,I,A,B,H,-,D,A,0,,,,,Y,,A,07,1,2,0,0,0,0,0,0,0,"- ","- ",39.280258178710938,-120.99826812744141,NEVADA,UNINCORPORATED,-120.99825286865234,39.280235290527344
90926353,2019,2019-02-14,9222,2019-02-13,1100,016334,,3,1,3,2908,0,1,1,,2,023,"I-80 W/B","OVERLAND TRAIL",100.00,E,N,C,-,Y,,,80,,,,,,W,Y,4,0,1,1,A,-,03,22350,,N,E,I,A,C,H,-,A,D,0,,,,,Y,,A,07,0,0,1,0,0,0,0,0,0,"- ","- ",39.355400085449219,-120.14600372314453,NEVADA,TRUCKEE,-120.14610290527344,39.355522155761719
90927337,2019,2019-02-15,9230,2019-01-27,1130,017935,,7,1,9,2900,0,3,5,,2,070,"SPENCEVILLE RD","STEVENS RANCH PLACE",1056.00,S,N,B,-,N,,,,,,,,,,N,4,0,1,1,A,-,04,21703,,N,F,A,A,A,H,-,A,D,0,,Y,,,Y,,L,04,0,0,1,0,0,0,1,0,0,"- ","- ",39.165760040283203,-121.19969177246094,NEVADA,UNINCORPORATED,-121.1995849609375,39.166183471679688
90928953,2019,2019-02-19,9230,2019-02-10,1230,017889,,7,1,9,2900,0,3,5,,2,070,"BITNEY SPRINGS RD","STARDUSTER DR",1056.00,S,N,A,-,N,,,,,,,,,,Y,4,0,1,1,A,-,08,22107,,N,F,A,A,A,H,-,A,A,0,,,,,Y,,A,07,0,0,1,0,0,0,0,0,0,"- ","- ",39.252101898193359,-121.169189453125,NEVADA,UNINCORPORATED,-121.16876220703125,39.252079010009766
90930255,2019,2019-02-20,9221,2019-02-12,0715,016862,,2,1,9,2900,0,1,1,,2,387,"I-80 E/B","EAGLE LAKES RD",5808.00,W,N,A,-,Y,,,80,,,,,,E,Y,3,0,1,1,A,-,01,23152,A,N,E,I,A,A,H,-,A,D,0,,,,,Y,Y,A,01,0,1,0,0,0,0,0,0,0,"- ","- ",39.325111389160156,-120.57084655761719,NEVADA,UNINCORPORATED,-120.57079315185547,39.325176239013672
90930379,2019,2019-02-20,9230,2019-02-16,1600,016426,,6,2,9,2900,0,1,3,,1,051,SR-20,"OMEGA RD",1500.00,W,N,B,D,Y,,,20,,,,,,,Y,4,0,1,2,A,-,03,22350,,N,C,C,A,C,G,-,A,A,0,,,,,Y,,D,22,0,0,1,0,0,0,0,0,0,"- ","- ",39.309421539306641,-120.7730712890625,NEVADA,UNINCORPORATED,-120.7730712890625,39.309429168701172
90930422,2019,2019-02-20,9221,2019-02-18,1250,016862,,1,1,9,2900,0,1,1,,2,387,"I-80 W/B","EAGLE LAKES RD",4224.00,W,N,A,-,Y,,,,,,,,,,N,3,0,2,2,A,-,03,22350,,N,C,C,A,A,H,-,A,D,0,,,,,Y,,A,07,0,1,1,0,0,0,0,0,0,"- ","- ",39.299968719482422,-120.57553863525391,NEVADA,UNINCORPORATED,-120.57453155517578,39.32940673828125