CASE_ID,ACCIDENT_YEAR,PROC_DATE,JURIS,COLLISION_DATE,COLLISION_TIME,OFFICER_ID,REPORTING_DISTRICT,DAY_OF_WEEK,CHP_SHIFT,POPULATION,CNTY_CITY_LOC,SPECIAL_COND,BEAT_TYPE,CHP_BEAT_TYPE,CITY_DIVISION_LAPD,CHP_BEAT_CLASS,BEAT_NUMBER,PRIMARY_RD,SECONDARY_RD,DISTANCE,DIRECTION,INTERSECTION,WEATHER_1,WEATHER_2,STATE_HWY_IND,CALTRANS_COUNTY,CALTRANS_DISTRICT,STATE_ROUTE,ROUTE_SUFFIX,POSTMILE_PREFIX,POSTMILE,LOCATION_TYPE,RAMP_INTERSECTION,SIDE_OF_HWY,TOW_AWAY,COLLISION_SEVERITY,NUMBER_KILLED,NUMBER_INJURED,PARTY_COUNT,PRIMARY_COLL_FACTOR,PCF_CODE_OF_VIOL,PCF_VIOL_CATEGORY,PCF_VIOLATION,PCF_VIOL_SUBSECTION,HIT_AND_RUN,TYPE_OF_COLLISION,MVIW,PED_ACTION,ROAD_SURFACE,ROAD_COND_1,ROAD_COND_2,LIGHTING,CONTROL_DEVICE,CHP_ROAD_TYPE,PEDESTRIAN_ACCIDENT,BICYCLE_ACCIDENT,MOTORCYCLE_ACCIDENT,TRUCK_ACCIDENT,NOT_PRIVATE_PROPERTY,ALCOHOL_INVOLVED,STWD_VEHTYPE_AT_FAULT,CHP_VEHTYPE_AT_FAULT,COUNT_SEVERE_INJ,COUNT_VISIBLE_INJ,COUNT_COMPLAINT_PAIN,COUNT_PED_KILLED,COUNT_PED_INJURED,COUNT_BICYCLIST_KILLED,COUNT_BICYCLIST_INJURED,COUNT_MC_KILLED,COUNT_MC_INJURED,PRIMARY_RAMP,SECONDARY_RAMP,LATITUDE,LONGITUDE,COUNTY,CITY,POINT_X,POINT_Y
91512909,2021,2021-07-05,9222,2021-07-01,1215,017091,,4,1,3,2908,0,1,1,,2,023,"INTERSTATE 80 WESTBOUND","HIRSCHDALE ROAD",12144.00,W,N,A,-,Y,,,80,,,,,,W,Y,3,0,1,2,A,-,07,21658,A,M,B,C,A,A,H,-,A,D,0,,,,Y,Y,,G,25,0,1,0,0,0,0,0,0,0,"- ","- ",39.363998413085938,-120.11910247802734,NEVADA,TRUCKEE,-120.11911010742188,39.364044189453125
91513341,2021,2021-07-06,9230,2021-06-21,1045,017889,,1,1,9,2900,0,1,3,,1,031,SR-49,"COMBIE RD",10.00,S,N,A,-,Y,,,49,,,,,,,Y,3,0,2,2,A,-,03,22350,,N,C,C,A,A,H,-,A,A,0,,,,,Y,,A,07,0,2,0,0,0,0,0,0,0,"- ","- ",39.042400360107422,-121.09461975097656,NEVADA,UNINCORPORATED,-121.09466552734375,39.042404174804688
91513533,2021,2021-07-06,9230,2021-06-30,1315,018107,,3,1,9,2900,0,3,5,,2,070,"PLEASANT VALLEY ROAD","LAKE WILDWOOD DRIVE",0.00,,Y,A,-,N,,,,,,,,,,N,3,0,1,2,A,-,03,22350,,M,C,C,A,A,H,-,A,A,0,,,,,Y,,-,99,0,1,0,0,0,0,0,0,0,"- ","- ",39.223438262939453,-121.20394134521484,NEVADA,UNINCORPORATED,-121.20391082763672,39.223583221435547
91514569,2021,2021-07-07,9230,2021-07-04,1625,020059,,7,2,9,2900,0,1,3,,2,052,"STATE ROUTE 20","CASCI ROAD",443.00,E,N,A,-,Y,,,20,,,,,,,Y,2,0,1,1,A,-,08,22107,,N,E,I,A,A,H,-,A,D,0,,,,,Y,,A,07,1,0,0,0,0,0,0,0,0,"- ","- ",39.319068908691406,-120.88819122314453,NEVADA,UNINCORPORATED,-120.88821411132812,39.319114685058594
9151536,2020,2021-01-22,2908,2020-09-06,1129,6502,13,7,5,3,2908,0,0,0,,0,DOWNTO,"E DONNER PASS RD","BRIDGE ST",15.00,W,N,A,-,N,,,,,,,,,,N,4,0,2,3,A,-,03,22350,,N,C,C,A,A,H,-,A,D,0,,,,,Y,,A,01,0,0,2,0,0,0,0,0,0,"- ","- ",,,NEVADA,TRUCKEE,-120.18411254882812,39.328159332275391
91515535,2021,2021-07-08,9230,2021-06-26,1545,020013,,6,2,9,2900,0,1,3,,1,051,"SR-20 E/B","LOS ALTOS LANE",1584.00,W,N,A,-,Y,,,20,,,,,,E,N,3,0,1,2,A,-,06,21760,B,N,C,G,A,A,H,-,A,D,0,,Y,,,Y,,D,22,0,1,0,0,0,0,1,0,0,"- ","- ",39.282741546630859,-120.96958923339844,NEVADA,UNINCORPORATED,-120.96958923339844,39.282768249511719
91515745,2021,2021-07-08,9230,2021-07-07,1650,020059,,3,2,2,2902,0,3,5,,2,040,"STATE ROUTE 20","STATE ROUTE 49",0.00,,Y,A,-,Y,,,20,,,,,,,Y,3,0,1,2,A,-,09,21801,A,N,D,C,A,A,H,-,A,A,0,,,,,Y,,A,01,0,1,0,0,0,0,0,0,0,"- ","- ",39.267879486083984,-121.01522064208984,NEVADA,"NEVADA CITY",-121.01519012451172,39.267860412597656
91516711,2021,2021-07-09,9221,2021-07-08,1100,017777,,4,1,9,2900,0,1,1,,2,387,"I-80 EASTBOUND",SR-20,528.00,W,N,A,-,Y,,,80,,,,,,E,Y,3,0,1,1,C,-,18,,,N,E,H,A,A,H,-,A,D,0,,,,,Y,,-,"- ",0,1,0,0,0,0,0,0,0,"- ","- ",39.321319580078125,-120.60517883300781,NEVADA,UNINCORPORATED,-120.60516357421875,39.3212890625
91517363,2021,2021-09-13,9222,2021-06-27,2025,017270,,7,2,9,2900,0,1,1,,2,021,"I-80 W/ B",KINGVALE,2112.00,E,N,A,-,Y,,,80,,,,,,,Y,2,0,3,2,A,-,03,22350,,N,C,C,A,A,H,-,B,A,0,,,,,Y,,A,01,2,1,0,0,0,0,0,0,0,"- ","- ",39.316501617431641,-120.43569946289062,NEVADA,UNINCORPORATED,-120.43571472167969,39.316555023193359
91518728,2021,2021-07-13,9230,2021-07-06,1959,016426,,2,2,9,2900,0,1,3,,1,041,SR-174,"GOPHER HILL COURT",300.00,E,N,A,-,Y,,,174,,,,,,,Y,3,0,1,2,C,-,18,,,N,E,J,A,A,H,-,B,D,0,,,,,Y,,-,"- ",0,1,0,0,0,0,0,0,0,"- ","- ",39.191268920898438,-121.00218963623047,NEVADA,UNINCORPORATED,-121.00218963623047,39.191265106201172
91519306,2021,2021-07-13,9230,2021-02-25,1845,017539,,4,2,9,2900,0,3,5,,2,030,"LA BARR MEADOWS ROAD","AMSEL WAY",1056.00,S,N,A,-,N,,,,,,,,,,N,2,0,1,2,A,-,06,21760,B,F,H,G,A,A,H,-,D,D,0,,Y,,,Y,,D,22,1,0,0,0,0,0,1,0,0,"- ","- ",39.19036865234375,-121.05065155029297,NEVADA,UNINCORPORATED,-121.05073547363281,39.190185546875
91521708,2021,2021-07-16,9222,2021-07-05,1920,017550,,1,2,9,2900,0,3,5,,2,020,"HIRSCHDALE RD.","I-80 OVERPASS",400.00,N,N,A,-,N,,,,,,,,,,Y,4,0,1,1,A,-,08,22107,,N,E,A,A,A,H,-,B,D,0,,,,,Y,,A,07,0,0,1,0,0,0,0,0,0,"- ","- ",39.384811401367188,-120.08441162109375,NEVADA,UNINCORPORATED,-120.08344268798828,39.38446044921875
91523077,2021,2021-07-19,9230,2021-07-05,1150,018107,,1,1,9,2900,0,3,5,,2,040,"BANNER QUAKER HILL ROAD","MOUNTAIN VIEW DRIVE",278.00,E,N,A,-,N,,,,,,,,,,N,3,0,1,1,A,-,08,22107,,N,E,I,A,A,H,-,A,D,0,,,,,Y,,D,22,0,1,0,0,0,0,0,0,0,"- ","- ",39.262260437011719,-120.90583801269531,NEVADA,UNINCORPORATED,-120.90605926513672,39.262298583984375
91523362,2021,2021-07-19,9222,2021-07-17,0600,016576,,6,1,3,2908,0,1,1,,2,022,"INTERSTATE 80 EASTBOUND","DONNER PASS ROAD (DONNER GATE)",55.00,E,N,A,-,Y,,,80,,,,,,E,Y,4,0,4,1,C,-,18,,,N,E,H,A,A,H,-,B,D,0,,,,,Y,,-,"- ",0,0,4,0,0,0,0,0,0,"- ","- ",39.324211120605469,-120.22563934326172,NEVADA,TRUCKEE,-120.22564697265625,39.324169158935547
91523382,2021,2021-07-19,9222,2021-07-11,0001,016576,,7,3,9,2900,0,1,1,,2,024,"INTERSTATE 80 EASTBOUND","HIRSCHDALE ROAD",1584.00,E,N,A,-,Y,,,80,,,,,,E,Y,3,0,1,1,A,-,08,22107,,N,E,I,A,A,H,-,D,D,0,,,,,Y,,D,22,0,1,0,0,0,0,0,0,0,"- ","- ",39.372898101806641,-120.06147766113281,NEVADA,UNINCORPORATED,-120.06148529052734,39.37286376953125
91523497,2021,2021-08-09,9230,2021-07-14,2108,020059,,3,2,9,2900,0,3,5,,2,030,"MCCOURTNEY ROAD","PADDOCK LANE",300.00,N,N,A,-,N,,,,,,,,,,Y,2,0,2,2,A,-,03,22350,,N,C,C,A,A,H,-,D,D,0,,,,,Y,Y,D,22,1,1,0,0,0,0,0,0,0,"- ","- ",39.199001312255859,-121.09279632568359,NEVADA,UNINCORPORATED,-121.09279632568359,39.199031829833984
91523721,2021,2021-07-19,9230,2021-07-07,1650,018459,,3,2,9,2900,0,3,5,,2,060,"TYLER FOOTE ROAD","OAK TREE ROAD",1500.00,E,N,A,-,N,,,,,,,,,,Y,3,0,4,2,A,-,01,23152,A,N,A,C,A,A,H,-,A,D,0,,,,,Y,Y,D,22,0,4,0,0,0,0,0,0,0,"- ","- ",39.356899261474609,-121.05879974365234,NEVADA,UNINCORPORATED,-121.06382751464844,39.3543701171875
91523727,2021,2021-07-19,9230,2021-07-13,1400,018691,,2,2,9,2900,0,3,5,,2,030,"WOLF ROAD","CAMERON WAY",1056.00,E,N,A,-,N,,,,,,,,,,Y,4,0,1,1,A,-,08,22107,,N,F,A,A,A,H,-,A,A,0,,,Y,,Y,Y,C,02,0,0,1,0,0,0,0,0,1,"- ","- ",39.042591094970703,-121.09458160400391,NEVADA,UNINCORPORATED,-121.10666656494141,39.050331115722656
91523730,2021,2021-07-19,9230,2021-07-14,1800,018691,,3,2,9,2900,0,3,5,,2,030,"NORLENE WAY","AIRPORT AVE",210.00,N,N,A,-,N,,,,,,,,,,Y,3,0,1,1,A,-,01,23152,A,N,E,I,A,A,H,-,A,D,0,,,,,Y,Y,D,22,0,1,0,0,0,0,0,0,0,"- ","- ",39.113819122314453,-121.05548858642578,NEVADA,UNINCORPORATED,-121.05523681640625,39.114337921142578
91524233,2021,2021-07-20,9230,2021-07-13,1655,018691,,2,2,9,2900,0,1,3,,1,031,SR-49,"ALTA SIERRA DRIVE",500.00,N,N,A,-,Y,,,49,,,,,,,N,4,0,2,2,A,-,21,22106,,N,C,C,A,A,H,-,A,A,0,,,,,Y,,A,01,0,0,2,0,0,0,0,0,0,"- ","- ",39.141078948974609,-121.07118988037109,NEVADA,UNINCORPORATED,-121.07118225097656,39.141078948974609
91525769,2021,2021-07-21,9230,2021-07-19,1710,018459,,1,2,9,2900,0,1,3,,1,031,SR-49,"QUAIL CREEK DRIVE",68.00,S,N,A,-,Y,,,49,,,,,,,Y,3,0,1,1,A,-,08,22107,,N,E,I,A,A,H,-,A,D,0,,,,,Y,,A,01,0,1,0,0,0,0,0,0,0,"- ","- ",39.130821228027344,-121.07379150390625,NEVADA,UNINCORPORATED,-121.07391357421875,39.130928039550781
91525840,2021,2021-07-21,9230,2021-07-06,2145,020059,,2,2,9,2900,0,1,3,,2,052,"STATE ROUTE 20","WHITE CLOUD ROAD",1569.00,E,N,A,-,Y,,,20,,,,,,,Y,1,1,0,1,A,-,08,22107,,N,E,I,A,A,H,-,D,D,0,,,,,Y,,D,22,0,0,0,0,0,0,0,0,0,"- ","- ",39.320949554443359,-120.84091949462891,NEVADA,UNINCORPORATED,-120.84095001220703,39.320995330810547
91526414,2021,2021-07-22,9230,2021-06-09,1245,020425,,3,1,9,2900,0,3,5,,2,050,"WASHINGTON ROAD","MYHRER WAY",46.00,S,N,A,-,N,,,,,,,,,,Y,3,0,1,1,A,-,01,23152,A,N,F,A,A,A,H,-,A,D,0,,,,,Y,Y,A,07,0,1,0,0,0,0,0,0,0,"- ","- ",39.325679779052734,-120.80152893066406,NEVADA,UNINCORPORATED,-120.80148315429688,39.325626373291016
91527190,2021,2021-07-23,9222,2021-07-15,2325,018315,,4,3,3,2908,0,1,1,,2,023,"I-80 (E/B)","OVERLAND TRAIL",528.00,W,N,A,-,Y,,,80,,,,,,,N,2,0,1,1,A,-,07,21658,A,N,E,I,A,A,H,-,C,D,0,,,,,Y,,A,01,1,0,0,0,0,0,0,0,0,"- ","- ",39.352909088134766,-120.14897918701172,NEVADA,TRUCKEE,-120.14899444580078,39.352928161621094
91528552,2021,2021-07-26,9230,2021-05-08,1550,020013,,6,2,9,2900,0,3,5,,2,030,"DOG BAR ROAD (15000 BLOCK)","LORIE DRIVE",1056.00,S,N,A,B,N,,,,,,,,,,Y,1,2,0,1,A,-,08,22107,,N,E,I,A,A,H,-,A,D,0,,,Y,,Y,,C,02,0,0,0,0,0,0,0,2,0,"- ","- ",39.144500732421875,-121.02989959716797,NEVADA,UNINCORPORATED,-121.02922821044922,39.145133972167969
91528672,2021,2021-07-26,9230,2021-07-12,1300,018107,,1,1,9,2900,0,3,5,,2,060,"GRIZZLY HILL ROAD","TURNAGAIN ARM",3168.00,E,N,A,-,N,,,,,,,,,,N,3,0,1,2,D,-,00,,,N,D,C,A,A,H,-,A,D,0,,,,,Y,,-,"- ",0,1,0,0,0,0,0,0,0,"- ","- ",39.361061096191406,-120.96974945068359,NEVADA,UNINCORPORATED,-120.97052764892578,39.362159729003906
91530872,2021,2021-07-28,9222,2021-07-19,1244,015908,,1,1,9,2900,0,1,1,,2,022,"I-80 E/B","CASTLE PEAK RD.",8923.00,E,N,A,-,Y,,,80,,,,,,E,Y,3,0,1,3,A,-,03,22350,,N,C,2,A,A,D,-,A,A,0,,,,Y,Y,,A,01,0,1,0,0,0,0,0,0,0,"- ","- ",39.34130859375,-120.31786346435547,NEVADA,UNINCORPORATED,-120.31784820556641,39.341278076171875
91530889,2021,2021-07-28,9230,2021-07-19,1225,017889,,1,1,9,2900,0,3,5,,2,040,"LOMA RICA DR","EVENING STAR DR",160.00,E,N,A,-,N,,,,,,,,,,N,2,0,1,2,A,-,09,21801,A,N,D,C,A,A,H,-,A,D,0,,,Y,,Y,,A,01,1,0,0,0,0,0,0,0,1,"- ","- ",39.221210479736328,-121.0140380859375,NEVADA,UNINCORPORATED,-121.01383972167969,39.221153259277344
91530923,2021,2021-07-28,9222,2021-07-20,1027,017091,,2,1,3,2908,0,1,1,,2,023,"INTERSTATE 80 EASTBOUND","HIRSCHDALE ROAD",10032.00,W,N,A,-,Y,,,80,,,,,,E,Y,3,0,1,1,C,-,18,,,N,E,I,A,A,H,-,A,D,0,,,,,Y,,-,"- ",0,1,0,0,0,0,0,0,0,"- ","- ",39.370998382568359,-120.11350250244141,NEVADA,TRUCKEE,-120.11362457275391,39.371082305908203
91531037,2021,2021-07-28,9230,2021-07-27,1600,018459,,2,2,9,2900,0,3,5,,2,030,"DOG BAR ROAD","MT. OLIVE ROAD",1179.00,N,N,A,-,N,,,,,,,,,,Y,3,0,2,1,A,-,08,22107,,N,E,I,A,A,H,-,A,D,0,,,,,Y,,A,01,0,2,0,0,0,0,0,0,0,"- ","- ",39.135589599609375,-121.02004241943359,NEVADA,UNINCORPORATED,-121.02121734619141,39.136962890625
91531922,2021,2021-07-29,9230,2021-07-20,1300,018098,,2,1,9,2900,0,3,5,,2,060,"PURDON RD","MONTEZUMA LN",1056.00,S,N,A,-,N,,,,,,,,,,N,4,0,1,2,A,-,05,21650,,F,B,C,A,A,H,-,A,A,0,,,,,Y,,-,99,0,0,1,0,0,0,0,0,0,"- ","- ",39.341209411621094,-121.05943298339844,NEVADA,UNINCORPORATED,-121.0596923828125,39.340984344482422
91534563,2021,2021-08-02,9230,2021-07-22,1520,020107,,4,2,2,2901,0,1,3,,2,042,"SR-20 W/B","S. AUBURN",1330.00,W,N,A,-,Y,,,20,,,,,,W,Y,4,0,3,2,A,-,03,22350,,N,C,C,A,A,H,-,A,D,0,,,,,Y,,A,01,0,0,3,0,0,0,0,0,0,"- ","- ",39.213729858398438,-121.06462860107422,NEVADA,"GRASS VALLEY",-121.06464385986328,39.2137451171875
91534573,2021,2021-08-02,9230,2021-07-26,0555,018107,,1,3,9,2900,0,3,5,,2,070,"PLEASANT VALLEY ROAD","MCLAND COURT",450.00,N,N,A,-,N,,,,,,,,,,Y,3,0,1,1,C,-,18,,,N,H,H,A,A,H,-,B,D,0,,,,,Y,,-,"- ",0,1,0,0,0,0,0,0,0,"- ","- ",39.213031768798828,-121.20086669921875,NEVADA,UNINCORPORATED,-121.20133972167969,39.212055206298828
91534590,2021,2021-08-02,9230,2021-07-22,2115,018691,,4,2,9,2900,0,1,3,,1,061,SR-49,"YUBA COUNTY LINE",7392.00,S,N,A,-,Y,,,49,,,,,,,Y,3,0,2,3,A,-,02,22400,A,N,D,C,A,A,H,-,D,D,0,,,,,Y,,M,47,0,2,0,0,0,0,0,0,0,"- ","- ",39.375621795654297,-121.09812927246094,NEVADA,UNINCORPORATED,-121.09815979003906,39.375640869140625
91534637,2021,2021-08-02,9230,2021-07-29,1717,020107,,4,2,2,2902,0,1,3,,2,052,SR-20,SR-49,0.00,,Y,A,-,Y,,,,,,,,,,Y,3,0,3,3,A,-,12,22450,A,N,D,C,A,A,H,-,A,A,0,,,,,Y,,A,07,0,1,2,0,0,0,0,0,0,"- ","- ",39.237869262695312,-121.01509094238281,NEVADA,"NEVADA CITY",-121.01509094238281,39.267845153808594
91535166,2021,2021-08-02,9222,2021-07-24,0230,018315,,6,3,3,2908,0,1,1,,2,022,"I-80 (W/B)",SR-89S,528.00,W,N,A,-,Y,,,80,,,,,,,Y,3,0,1,1,A,-,07,21658,A,N,E,I,A,A,H,-,C,D,0,,,,Y,Y,,F,26,0,1,0,0,0,0,0,0,0,"- ","- ",39.323268890380859,-120.21568298339844,NEVADA,TRUCKEE,-120.21567535400391,39.323310852050781
91535570,2021,2021-08-03,9230,2021-07-21,1125,017889,,3,1,9,2900,0,1,3,,1,031,SR-49,"ALTA SIERRA DR",528.00,N,N,A,-,Y,,,49,,,,,,,Y,4,0,1,3,A,-,03,22350,,N,C,C,A,A,H,-,A,A,0,,,,,Y,,A,01,0,0,1,0,0,0,0,0,0,"- ","- ",39.142940521240234,-121.07073974609375,NEVADA,UNINCORPORATED,-121.07066345214844,39.142913818359375
91536534,2021,2021-08-04,9230,2021-07-31,1859,020059,,6,2,9,2900,0,3,5,,2,040,"EAST BENNETT ROAD","EMERALD CT",0.00,,Y,A,-,N,,,,,,,,,,Y,3,0,1,2,A,-,09,21804,A,N,D,C,A,A,H,-,A,D,0,,,,,Y,,A,01,0,1,0,0,0,0,0,0,0,"- ","- ",39.214820861816406,-121.02773284912109,NEVADA,UNINCORPORATED,-121.0277099609375,39.214996337890625
91539918,2021,2021-08-09,9230,2021-07-21,1315,017889,,3,1,9,2900,0,3,5,,2,050,"BANNER LAVA CAP RD","SHORT CIRCLE",100.00,W,N,A,-,N,,,,,,,,,,Y,3,0,1,1,C,-,18,,,N,E,I,A,A,H,-,A,D,0,,,,,Y,Y,-,"- ",0,1,0,0,0,0,0,0,0,"- ","- ",39.247039794921875,-120.95501708984375,NEVADA,UNINCORPORATED,-120.9552001953125,39.246795654296875
91540281,2021,2021-08-09,9230,2021-08-07,2030,018691,,6,2,9,2900,0,1,3,,1,061,SR-49,"RUSH CREEK WAY",500.00,N,N,A,-,Y,,,49,,,,,,,Y,4,0,1,1,A,-,08,22107,,N,E,I,A,A,H,-,D,D,0,,,,,Y,,A,07,0,0,1,0,0,0,0,0,0,"- ","- ",39.274459838867188,-121.07958221435547,NEVADA,UNINCORPORATED,-121.07956695556641,39.27447509765625
91541314,2021,2021-08-10,9222,2021-08-08,1517,019233,,7,2,9,2900,0,1,1,,2,024,"I-80 E/B",FARAD,2640.00,W,N,A,-,Y,,,80,,,,,,E,Y,4,0,1,2,A,-,08,22107,,N,E,8,A,A,H,-,A,D,0,,,,,Y,,A,01,0,0,1,0,0,0,0,0,0,"- ","- ",39.416141510009766,-120.02928924560547,NEVADA,UNINCORPORATED,-120.02939605712891,39.416053771972656
91541547,2021,2021-08-10,9222,2021-07-29,1525,015913,,4,2,2,2902,0,1,1,,2,022,"I-80 EASTBOUND","DONNER LAKE ROAD",10560.00,W,N,C,-,Y,,,,,,,,,,Y,3,0,1,1,A,-,03,22350,,N,F,A,A,B,H,-,A,D,0,,,,Y,Y,,G,25,0,1,0,0,0,0,0,0,0,"- ","- ",39.340671539306641,-120.31664276123047,NEVADA,"NEVADA CITY",-120.31463623046875,39.341831207275391
91543834,2021,2021-08-12,9222,2021-08-03,1240,014397,,2,1,9,2900,0,1,3,,1,027,SR-89N,"HOBART MILLS RD",0.00,,Y,A,-,Y,,,89,,,,,,,Y,2,0,2,2,A,-,12,22450,A,N,D,C,A,A,H,-,A,A,0,,,,,Y,,E,22,1,1,0,0,0,0,0,0,0,"- ","- ",39.398429870605469,-120.18795776367188,NEVADA,UNINCORPORATED,-120.18797302246094,39.398422241210938
91543885,2021,2021-08-12,9230,2021-07-24,0700,017889,,6,1,9,2900,0,3,5,,2,050,"RED DOG RD","YOU BET RD",20.00,N,N,A,-,N,,,,,,,,,,Y,3,0,1,2,A,-,09,21804,A,N,A,C,A,A,H,-,A,D,0,,,,,Y,,A,07,0,1,0,0,0,0,0,0,0,"- ","- ",39.195819854736328,-120.91522979736328,NEVADA,UNINCORPORATED,-120.91521453857422,39.195873260498047
91544662,2021,2021-08-13,9222,2021-08-11,1405,014397,,3,2,9,2900,0,1,1,,2,021,"I-80 E/B","SODA SPRINGS O/C",300.00,W,N,A,-,Y,,,80,,,,,,E,Y,4,0,1,1,A,-,08,22107,,N,E,I,A,A,H,-,A,D,0,,,,,Y,,A,08,0,0,1,0,0,0,0,0,0,"- ","- ",39.324909210205078,-120.392578125,NEVADA,UNINCORPORATED,-120.39261627197266,39.324985504150391
91544782,2021,2021-08-13,9230,2021-08-03,1005,020411,,2,1,9,2900,0,3,5,,2,030,"ALLISON RANCH RD","EMPIRE STAR MINE RD",100.00,S,N,A,-,N,,,,,,,,,,N,4,0,1,2,A,-,21,22106,,N,G,B,E,A,D,-,A,A,0,Y,,,,Y,,A,01,0,0,1,0,1,0,0,0,0,"- ","- ",39.178489685058594,-121.06610870361328,NEVADA,UNINCORPORATED,-121.066162109375,39.178127288818359
91545440,2021,2021-08-16,9230,2021-07-29,1350,017889,,4,1,9,2900,0,1,3,,1,061,SR-49,"INDEPENDENCE TRAIL",2640.00,S,N,A,-,Y,,,49,,,,,,,Y,3,0,1,1,A,-,08,22107,,N,E,I,A,A,H,-,A,A,0,,,,,Y,,A,01,0,1,0,0,0,0,0,0,0,"- ","- ",39.281150817871094,-121.10182189941406,NEVADA,UNINCORPORATED,-121.10174560546875,39.281173706054688
91546653,2021,2021-08-17,9230,2021-08-11,1845,018691,,3,2,9,2900,0,1,3,,1,061,SR-49,"SOUTH YUBA RIVER BRIDGE",2640.00,S,N,A,-,Y,,,49,,,,,,,Y,3,0,1,1,A,-,08,22107,,N,F,A,A,A,H,-,A,D,0,,,Y,,Y,,C,02,0,1,0,0,0,0,0,0,1,"- ","- ",39.297451019287109,-121.09033966064453,NEVADA,UNINCORPORATED,-121.09036254882812,39.297439575195312
91546873,2021,2021-08-17,9230,2021-07-21,1054,018098,,3,1,9,2900,0,1,3,,1,031,"SR-49 N/B","COMBIE ROAD",15.00,S,N,A,-,Y,,,49,,,,,,N,Y,2,0,1,3,A,-,11,21954,A,N,G,C,B,A,H,-,A,A,0,Y,,,,Y,,N,60,1,0,0,0,0,0,0,0,0,"- ","- ",39.042518615722656,-121.09464263916016,NEVADA,UNINCORPORATED,-121.09465026855469,39.042522430419922
91547693,2021,2021-08-18,9230,2021-08-11,2140,018459,,3,2,2,2901,0,1,3,,1,031,"SR-49 S/B (GOLDEN CENTER FREEWAY) TO MCKNIGHT WAY","MCKNIGHT WAY",40.00,N,N,A,-,Y,,,49,,,,R,,S,Y,3,0,1,2,A,-,01,23152,A,N,C,C,A,A,H,-,C,A,0,,,,,Y,Y,A,01,0,1,0,0,0,0,0,0,0,"- ","- ",39.200389862060547,-121.06011199951172,NEVADA,"GRASS VALLEY",-121.06011199951172,39.200389862060547
91549004,2021,2021-08-19,9230,2021-08-14,1714,018014,,6,2,9,2900,0,3,5,,2,030,"AUBURN RD","KIWI RD",1005.00,S,N,A,-,N,,,,,,,,,,Y,3,0,3,1,A,-,01,23152,A,N,E,J,A,A,H,-,A,D,0,,,,,Y,Y,A,01,0,3,0,0,0,0,0,0,0,"- ","- ",39.135589599609375,-121.07762908935547,NEVADA,UNINCORPORATED,-121.07700347900391,39.138168334960938
91549038,2021,2021-08-19,9230,2021-07-31,1330,018098,,6,1,9,2900,0,3,5,,2,030,"ALTA SIERRA DR","FRANCIS DR",100.00,N,N,A,-,N,,,,,,,,,,Y,3,0,1,1,A,-,08,22107,,N,E,I,A,A,H,-,A,D,0,,,,,Y,,A,01,0,1,0,0,0,0,0,0,0,"- ","- ",39.140670776367188,-121.05706024169922,NEVADA,UNINCORPORATED,-121.056640625,39.140750885009766
91549072,2021,2021-08-19,9230,2021-08-18,1420,018459,,3,2,9,2900,0,3,5,,2,030,"DOG BAR ROAD","GEORGIA WAY",30.00,S,N,A,-,N,,,,,,,,,,Y,3,0,1,1,A,-,08,22107,,N,F,A,A,A,H,-,A,D,0,,,,,Y,,A,01,0,1,0,0,0,0,0,0,0,"- ","- ",39.146778106689453,-121.02741241455078,NEVADA,UNINCORPORATED,-121.02751159667969,39.147377014160156
91550113,2021,2021-08-30,9230,2021-08-04,1715,020411,,3,2,9,2900,0,1,3,,1,031,"STATE ROUTE 49","CAMEO DRIVE",579.00,S,N,A,-,Y,,,49,,,,,,,Y,1,1,0,2,A,-,05,21460,A,N,D,2,A,A,H,-,A,D,0,,,Y,,Y,,C,02,0,0,0,0,0,0,0,1,0,"- ","- ",39.047698974609375,-121.09409332275391,NEVADA,UNINCORPORATED,-121.09408569335938,39.047698974609375
91551255,2021,2021-08-23,9230,2021-08-15,1600,018691,,7,2,9,2900,0,3,5,,2,060,"PURDON ROAD","PURDON ACCESS ROAD",2482.00,S,N,A,-,N,,,,,,,,,,Y,3,0,1,1,A,-,01,23152,A,N,F,A,A,A,E,-,A,D,0,,,,,Y,Y,A,01,0,1,0,0,0,0,0,0,0,"- ","- ",39.321979522705078,-121.047607421875,NEVADA,UNINCORPORATED,-121.04765319824219,39.322078704833984
91551498,2021,2021-08-23,9230,2021-08-15,1725,018691,,7,2,9,2900,0,1,3,,1,061,SR-49,"SOUTH YUBA RIVER BRIDGE",850.00,N,N,F,-,Y,,,49,,,,,,,Y,3,0,2,2,A,-,01,23152,A,N,C,E,A,A,H,-,A,A,0,,,,,Y,Y,A,01,0,2,0,0,0,0,0,0,0,"- ","- ",39.297451019287109,-121.09033966064453,NEVADA,UNINCORPORATED,-121.09036254882812,39.297439575195312
91552732,2021,2021-08-24,9222,2021-08-20,0730,017091,,5,1,9,2900,0,3,5,,2,020,"DONNER PASS ROAD (OLD HIGHWAY 40)","LYTTON LAKE ROAD",531.00,W,N,A,-,N,,,,,,,,,,Y,3,0,1,1,A,-,03,22350,,N,E,I,A,A,B,D,A,A,0,,,,,Y,Y,A,07,0,1,0,0,0,0,0,0,0,"- ","- ",39.317401885986328,-120.35489654541016,NEVADA,UNINCORPORATED,-120.3515625,39.317207336425781