CASE_ID,ACCIDENT_YEAR,PROC_DATE,JURIS,COLLISION_DATE,COLLISION_TIME,OFFICER_ID,REPORTING_DISTRICT,DAY_OF_WEEK,CHP_SHIFT,POPULATION,CNTY_CITY_LOC,SPECIAL_COND,BEAT_TYPE,CHP_BEAT_TYPE,CITY_DIVISION_LAPD,CHP_BEAT_CLASS,BEAT_NUMBER,PRIMARY_RD,SECONDARY_RD,DISTANCE,DIRECTION,INTERSECTION,WEATHER_1,WEATHER_2,STATE_HWY_IND,CALTRANS_COUNTY,CALTRANS_DISTRICT,STATE_ROUTE,ROUTE_SUFFIX,POSTMILE_PREFIX,POSTMILE,LOCATION_TYPE,RAMP_INTERSECTION,SIDE_OF_HWY,TOW_AWAY,COLLISION_SEVERITY,NUMBER_KILLED,NUMBER_INJURED,PARTY_COUNT,PRIMARY_COLL_FACTOR,PCF_CODE_OF_VIOL,PCF_VIOL_CATEGORY,PCF_VIOLATION,PCF_VIOL_SUBSECTION,HIT_AND_RUN,TYPE_OF_COLLISION,MVIW,PED_ACTION,ROAD_SURFACE,ROAD_COND_1,ROAD_COND_2,LIGHTING,CONTROL_DEVICE,CHP_ROAD_TYPE,PEDESTRIAN_ACCIDENT,BICYCLE_ACCIDENT,MOTORCYCLE_ACCIDENT,TRUCK_ACCIDENT,NOT_PRIVATE_PROPERTY,ALCOHOL_INVOLVED,STWD_VEHTYPE_AT_FAULT,CHP_VEHTYPE_AT_FAULT,COUNT_SEVERE_INJ,COUNT_VISIBLE_INJ,COUNT_COMPLAINT_PAIN,COUNT_PED_KILLED,COUNT_PED_INJURED,COUNT_BICYCLIST_KILLED,COUNT_BICYCLIST_INJURED,COUNT_MC_KILLED,COUNT_MC_INJURED,PRIMARY_RAMP,SECONDARY_RAMP,LATITUDE,LONGITUDE,COUNTY,CITY,POINT_X,POINT_Y
91997170,2023,2023-02-17,9230,2023-02-14,1550,020013,,2,2,9,2900,0,1,3,,1,031,"SR 49 N/B","LA BARR MEADOWS RD",300.00,S,N,A,-,Y,NEV,,49," ",R,10.494,H,,R,N,4,0,1,2,A,-,03,22350,,N,C,C,A,A,H,-,A,A,0,,,,,Y,,A,01,0,0,1,0,0,0,0,0,0,"- ","- ",39.157569885253906,-121.06140899658203,NEVADA,UNINCORPORATED,-121.06140899658203,39.157569885253906
91999168,2023,2023-02-21,9230,2023-02-12,1945,020308,,7,2,9,2900,0,3,5,,2,030,"LAWRENCE WAY","NORLENE WAY",0.00,,Y,A,-,Y,,,,,,,,,,N,3,0,1,1,A,-,01,23152,A,N,F,A,A,A,H,-,D,D,0,,,,,Y,Y,A,07,0,1,0,0,0,0,0,0,0,"- ","- ",39.126979827880859,-121.05581665039062,NEVADA,UNINCORPORATED,-121.05588531494141,39.126979827880859
92001076,2023,2023-02-23,9230,2023-02-19,1028,020447,,7,1,9,2900,0,1,3,,1,061,SR-49,"LOWDEN LN",475.00,S,N,A,-,Y,NEV,,49," "," ",18.719,H,,R,Y,3,0,1,1,A,-,08,22107,,N,E,I,A,A,H,-,A,D,0,,,,,Y,,A,01,0,1,0,0,0,0,0,0,0,"- ","- ",39.272769927978516,-121.07708740234375,NEVADA,UNINCORPORATED,-121.07706451416016,39.272796630859375
92004421,2023,2023-02-27,9230,2023-02-25,1258,020447,,6,1,2,2902,0,1,3,,1,061,SR-49,"WEST BROAD STREET",0.00,,Y,B,-,Y,NEV,,49," "," ",15.781,H,,R,Y,3,0,1,2,A,-,09,21801,A,N,D,C,A,B,H,-,A,D,0,,,,,Y,,A,01,0,1,0,0,0,0,0,0,0,"- ","- ",39.267578125,-121.02793121337891,NEVADA,"NEVADA CITY",-121.02794647216797,39.267623901367188
92004934,2023,2023-02-28,9230,2023-02-24,"635 ",020447,,5,1,9,2900,0,2,4,,2,072,"RIDGE ROAD","NEVADA CITY HWY",825.00,W,N,B,D,N,,,,,,,,,,Y,4,0,1,1,A,-,03,22350,,N,E,I,A,C,H,-,A,D,0,,,,,Y,,A,01,0,0,1,0,0,0,0,0,0,"- ","- ",39.248489379882812,-121.0284423828125,NEVADA,UNINCORPORATED,-121.03025054931641,39.247020721435547
92004967,2023,2023-02-28,9230,2023-02-24,"635 ",018691,,5,1,2,2901,0,1,3,,2,042,"SR-20 W/B","BRUNSWICK ROAD",1320.00,E,N,B,D,Y,NEV,,20," ",R,15.035,H,,L,Y,4,0,1,1,A,-,03,22350,,N,F,0,A,C,G,-,B,A,0,,,,,Y,,D,22,0,0,1,0,0,0,0,0,0,"- ","- ",39.238430023193359,-121.03468322753906,NEVADA,"GRASS VALLEY",-121.03453063964844,39.238391876220703
92005034,2023,2023-02-28,9230,2023-02-24,"730 ",020447,,5,1,2,2901,0,1,3,,2,042,"SR-20 E/B","BRUNSWICK DR",1060.00,W,N,B,D,Y,NEV,,20," ",R,14.595,H,,R,Y,3,0,1,1,A,-,03,22350,,N,E,I,A,C,G,-,A,A,0,,,,,Y,,A,01,0,1,0,0,0,0,0,0,0,"- ","- ",39.233009338378906,-121.03897094726562,NEVADA,"GRASS VALLEY",-121.03899383544922,39.233024597167969
92007159,2023,2023-03-01,9230,2023-02-17,2005,020308,,5,2,9,2900,0,1,3,,1,041,"SR-174 N/B","MEADOW VIEW DR",425.00,N,N,A,-,Y,NEV,,174," "," ",5.655,H,,R,N,3,0,1,2,A,-,05,21460,A,M,A,C,A,A,H,-,D,D,0,,,,,Y,,D,22,0,1,0,0,0,0,0,0,0,"- ","- ",39.191089630126953,-120.99501800537109,NEVADA,UNINCORPORATED,-120.99501800537109,39.191112518310547
92007186,2023,2023-03-01,9230,2023-02-19,1325,017889,,7,1,9,2900,0,3,5,,2,030,"ALLISON RANCH RD","MOTE LN",528.00,S,N,A,-,N,,,,,,,,,,Y,4,0,2,2,A,-,08,22107,,N,E,I,A,A,H,-,A,D,0,,Y,,,Y,,A,07,0,0,2,0,0,0,1,0,0,"- ","- ",39.187519073486328,-121.06549072265625,NEVADA,UNINCORPORATED,-121.06541442871094,39.187854766845703
92007229,2023,2023-03-01,9222,2023-02-21,1750,017091,,2,2,9,2900,0,1,1,,2,024,"INTERSTATE 80 EASTBOUND",FARAD,10560.00,E,N,B,D,Y,NEV,,80," "," ",31.639,H,,R,Y,3,0,3,3,A,-,03,22350,,N,C,2,A,C,H,-,E,D,0,,,,,Y,,A,01,0,2,1,0,0,0,0,0,0,"- ","- ",39.443401336669922,-120.0115966796875,NEVADA,UNINCORPORATED,-120.01157379150391,39.443382263183594
92007852,2023,2023-03-02,9222,2023-02-22,1440,021167,,3,2,3,2908,0,1,1,,2,022,"SR-80 W/B","SR-89 SOUTH",770.00,E,N,D,-,Y,NEV,,80," "," ",14.331,H,,L,Y,2,0,1,2,A,-,08,22107,,N,D,E,A,C,H,-,A,D,0,,,,Y,Y,,A,07,1,0,0,0,0,0,0,0,0,"- ","- ",39.323188781738281,-120.20487213134766,NEVADA,TRUCKEE,-120.20487213134766,39.323146820068359
92010339,2022,2023-03-06,9230,2022-08-07,2500,020059,,7,4,9,2900,0,1,3,,1,071,"STATE ROUTE 20","POKER FLAT ROAD",658.00,W,N,A,-,Y,NEV,,20,,,2.863,H,,R,Y,1,2,0,1,A,-,08,22107,,N,F,A,A,A,H,-,D,D,0,,,,,Y,,A,07,0,0,0,0,0,0,0,0,0,"- ","- ",39.203788757324219,-121.23110961914062,NEVADA,UNINCORPORATED,-121.23106384277344,39.203853607177734
92010482,2023,2023-03-06,9230,2023-02-25,1310,017889,,6,1,9,2900,0,1,3,,1,041,SR-174,"PEARDALE RD",300.00,S,N,B,-,Y,NEV,,174," "," ",5.022,H,,R,Y,4,0,1,1,A,-,08,22107,,N,E,I,A,B,H,-,A,D,0,,,,,Y,,A,07,0,0,1,0,0,0,0,0,0,"- ","- ",39.190891265869141,-120.98304748535156,NEVADA,UNINCORPORATED,-120.98305511474609,39.190902709960938
92010639,2023,2023-03-06,9222,2023-03-02,"925 ",014397,,4,1,3,2908,0,1,1,,2,023,"I-80 W/B","OVERLAND TRAIL",10560.00,E,N,A,-,Y,NEV,,80," "," ",20.224,H,,L,Y,4,0,1,1,A,-,08,22107,,N,E,I,A,C,H,-,A,D,0,,,,,Y,,A,01,0,0,1,0,0,0,0,0,0,"- ","- ",39.367069244384766,-120.11521148681641,NEVADA,TRUCKEE,-120.11544799804688,39.367118835449219
92010653,2023,2023-03-06,9230,2023-03-03,1205,018691,,5,1,2,2901,0,1,3,,2,042,"SR-20 E/B","BRUNSWICK RD",1320.00,W,N,A,-,Y,NEV,,20," ",R,14.555,H,,R,Y,4,0,1,2,A,-,03,22350,,N,C,C,A,A,H,-,A,D,0,,,,,Y,,A,01,0,0,1,0,0,0,0,0,0,"- ","- ",39.232540130615234,-121.0394287109375,NEVADA,"GRASS VALLEY",-121.03946685791016,39.232563018798828
92010685,2023,2023-03-06,9222,2023-03-03,1625,017550,,5,2,9,2900,0,1,1,,2,024,"I-80 W/B",FLORISTON,9240.00,W,N,A,-,Y,NEV,,80," "," ",25.517,H,,L,Y,3,0,1,1,A,-,08,22107,,N,E,I,A,B,H,-,A,D,0,,,,,Y,,D,22,0,1,0,0,0,0,0,0,0,"- ","- ",39.373268127441406,-120.03282928466797,NEVADA,UNINCORPORATED,-120.03297424316406,39.373390197753906
92010739,2023,2023-03-06,9222,2023-03-04,1300,017658,,6,1,3,2908,0,1,1,,2,022,"I-80 WESTBOUND","STATE ROUTE 89 SOUTH",800.00,W,N,D,-,Y,NEV,,80," "," ",13.982,H,,L,Y,3,0,1,3,A,-,03,22350,,N,C,C,A,C,H,-,A,A,0,,,,Y,Y,,D,22,0,1,0,0,0,0,0,0,0,"- ","- ",39.323200225830078,-120.21138763427734,NEVADA,TRUCKEE,-120.21138763427734,39.323211669921875
92010992,2023,2023-03-07,9230,2023-02-24,"535 ",020107,,5,3,9,2900,0,3,5,,2,040,"MEADOW DRIVE","GREENSFIELD WAY",30.00,S,N,B,D,N,,,,,,,,,,Y,3,0,1,1,A,-,03,22350,,N,E,I,A,C,G,-,D,D,0,,,,,Y,,-,"- ",0,1,0,0,0,0,0,0,0,"- ","- ",39.184440612792969,-120.99965667724609,NEVADA,UNINCORPORATED,-120.99956512451172,39.184314727783203
92012312,2023,2023-03-16,9230,2023-03-02,1900,020308,,4,2,2,2902,0,1,3,,2,052,"SR-20 W/B","GOLD FLAT RD",685.00,E,N,A,-,Y,NEV,,20," ",R,15.801,H,,L,N,4,0,1,1,A,-,01,23152,A,N,E,J,A,C,H,-,D,D,0,,,,,Y,Y,D,22,0,0,1,0,0,0,0,0,0,"- ","- ",39.246730804443359,-121.02565002441406,NEVADA,"NEVADA CITY",-121.02584838867188,39.246833801269531
92012598,2023,2023-03-08,9230,2023-03-04,1715,020059,,6,2,9,2900,0,3,5,,2,070,"PLEASANT VALLEY RD.","WILDWOOD RANCH ROAD",2550.00,N,N,B,-,N,,,,,,,,,,N,3,0,1,2,A,-,08,22107,,N,B,G,A,B,H,-,A,D,0,,Y,,,Y,,J,48,0,1,0,0,0,0,1,0,0,"- ","- ",39.230690002441406,-121.21800231933594,NEVADA,UNINCORPORATED,-121.21796417236328,39.230705261230469
92014802,2023,2023-03-10,9222,2023-03-07,1255,014397,,2,1,3,2908,0,1,1,,2,023,"I-80 W/B TO SR-267",SR-267,50.00,W,N,A,-,Y,,,,,,,,,,N,4,0,1,2,A,-,21,22106,,N,C,C,A,B,H,-,A,D,0,,,,,Y,,A,07,0,0,1,0,0,0,0,0,0,"- ","- ",39.339008331298828,-120.16966247558594,NEVADA,TRUCKEE,-120.16966247558594,39.339008331298828
92015169,2023,2023-03-10,9230,2023-03-06,1536,020013,,1,2,9,2900,0,1,3,,1,071,"SR 20 W/B","REX RESERVOIR ROAD",1584.00,E,N,B,F,Y,,,,,,,,,,N,3,0,1,1,A,-,08,22107,,N,E,I,A,C,G,-,A,A,0,,,,,Y,,A,01,0,1,0,0,0,0,0,0,0,"- ","- ",39.209579467773438,-121.13072204589844,NEVADA,UNINCORPORATED,-121.13067626953125,39.209205627441406
92016400,2023,2023-03-13,9222,2023-03-10,2010,017550,,5,2,9,2900,0,1,1,,2,024,"I-80 WB",FARAD,450.00,W,N,A,-,Y,NEV,,80," "," ",29.406,H,,L,Y,4,0,1,1,A,-,08,22107,,N,E,I,A,B,H,-,D,D,0,,,,,Y,,A,07,0,0,1,0,0,0,0,0,0,"- ","- ",39.421340942382812,-120.03434753417969,NEVADA,UNINCORPORATED,-120.03433990478516,39.421348571777344
92017546,2023,2023-03-14,9222,2023-03-11,"720 ",017658,,6,1,9,2900,0,1,1,,2,024,"I-80 WESTBOUND","FLORISTON RD.",13200.00,W,N,D,-,Y,NEV,,80," "," ",24.981,H,,L,Y,4,0,4,1,A,-,03,22350,,N,E,I,A,C,H,-,A,A,0,,,,,Y,,I,09,0,0,4,0,0,0,0,0,0,"- ","- ",39.3702392578125,-120.04203796386719,NEVADA,UNINCORPORATED,-120.04205322265625,39.370288848876953
92017613,2023,2023-03-14,9230,2023-03-07,"930 ",021433,,2,1,2,2902,0,1,3,,1,051,"SR20 E/B","SR49 S/B",0.00,,Y,B,-,Y,NEV,,20," ",R,17.393,H,,R,Y,3,0,3,3,A,-,09,21802,A,N,D,C,A,C,H,-,A,D,0,,,,,Y,,D,22,0,2,1,0,0,0,0,0,0,"- ","- ",39.267818450927734,-121.01506042480469,NEVADA,"NEVADA CITY",-121.01509857177734,39.267814636230469
92017972,2023,2023-04-20,9230,2023-03-13,1520,020013,,1,2,9,2900,0,3,5,,2,070,"PENN VALLEY DRIVE (17000 BLOCK)","RANCH ROAD",10.00,E,N,B,-,N,,,,,,,,,,N,3,0,1,2,A,-,09,21804,A,N,D,C,A,A,H,-,A,A,0,,,,,Y,,A,07,0,1,0,0,0,0,0,0,0,"- ","- ",39.197521209716797,-121.17825317382812,NEVADA,UNINCORPORATED,-121.17819976806641,39.197475433349609
92019423,2023,2023-03-16,9222,2023-03-09,1225,017658,,4,1,3,2908,0,1,1,,2,022,"DONNER PASS RD TO I-80 EASTBOUND","DONNER PASS RD",150.00,W,N,B,-,Y,NEV,,80," "," ",13.181,H,,R,Y,4,0,1,2,A,-,03,22350,,N,B,C,A,A,H,-,A,D,0,,,,Y,Y,,A,01,0,0,1,0,0,0,0,0,0,"- ","- ",39.324249267578125,-120.22648620605469,NEVADA,TRUCKEE,-120.22648620605469,39.324260711669922
92019565,2023,2023-03-21,9230,2023-03-02,1800,016426,,4,2,9,2900,0,3,5,,2,070,"ALTA STREET","ALTA VISTA DRIVE",120.00,N,N,B,-,N,,,,,,,,,,N,4,0,1,2,D,-,00,,,N,B,C,A,C,H,-,C,D,0,,,,,Y,,-,"- ",0,0,1,0,0,0,0,0,0,"- ","- ",39.225120544433594,-121.06848907470703,NEVADA,UNINCORPORATED,-121.06845092773438,39.225055694580078
92022550,2023,2023-03-20,9221,2023-03-09,1540,017881,,4,2,9,2900,0,1,1,,2,387,"I-80 W/B","EAGLE LAKES RD",1314.00,W,N,D,-,Y,NEV,,80," ",R,61.908,H,,L,Y,2,0,4,2,A,-,03,22350,,N,D,C,A,C,E,-,A,A,0,,,,Y,Y,,D,23,1,3,0,0,0,0,0,0,0,"- ","- ",39.325271606445312,-120.56594085693359,NEVADA,UNINCORPORATED,-120.56589508056641,39.325305938720703
92022681,2023,2023-03-20,9222,2023-02-21,1900,016340,,2,2,3,2908,0,1,1,,2,022,"INTERSTATE 80 E/B","DONNER PASS ROAD",1260.00,E,N,B,D,Y,NEV,,80," "," ",13.459,H,,R,Y,2,0,1,3,A,-,03,22350,,N,G,B,E,C,H,-,D,D,0,Y,,,Y,Y,,A,01,1,0,0,0,1,0,0,0,0,"- ","- ",39.323570251464844,-120.2213134765625,NEVADA,TRUCKEE,-120.22129821777344,39.323631286621094
92022813,2023,2023-03-20,9221,2023-03-13,1515,018530,,1,2,9,2900,0,1,1,,2,387,"WESTBOUND I80","EAGLE LAKES ROAD UNDER-CROSSING",2640.00,W,N,C,-,Y,NEV,,80," ",R,61.948,H,,L,Y,4,0,2,1,A,-,08,22107,,N,E,J,A,B,H,-,A,D,0,,,,,Y,,A,07,0,0,2,0,0,0,0,0,0,"- ","- ",39.324859619140625,-120.56542205810547,NEVADA,UNINCORPORATED,-120.56536102294922,39.324901580810547
9202312,2020,2021-02-20,2908,2020-12-14,0226,6538,11,1,5,3,2908,0,0,0,,0,TAHOED,"ALDER CREEK RD","SCHUSSING WY",225.00,E,N,D,-,N,,,,,,,,,,Y,3,0,1,2,A,-,01,23152,A,N,D,C,A,C,H,-,D,D,0,,,,,Y,Y,A,01,0,1,0,0,0,0,0,0,0,"- ","- ",,,NEVADA,TRUCKEE,-120.20643615722656,39.364002227783203
92023366,2023,2023-12-21,9222,2023-03-15,"250 ",021167,,3,3,3,2908,0,1,1,,2,023,"I-80 E/B","DONNER PASS RD",150.00,W,N,A,-,Y,NEV,,80," "," ",14.971,H,,R,Y,4,0,1,3,A,-,03,22350,,N,B,C,A,C,H,-,D,D,0,,,,Y,Y,,G,25,0,0,1,0,0,0,0,0,0,"- ","- ",39.325149536132812,-120.19338226318359,NEVADA,TRUCKEE,-120.19338989257812,39.325164794921875
92023484,2023,2023-03-21,9222,2023-03-15,"251 ",021167,,3,3,3,2908,0,1,1,,2,023,"I-80 E/B","DONNER PASS RD",150.00,W,N,A,-,Y,NEV,,80," "," ",14.963,H,,R,Y,4,0,1,2,A,-,03,22350,,N,C,C,A,C,H,-,D,D,0,,,,Y,Y,,-,"- ",0,0,1,0,0,0,0,0,0,"- ","- ",39.325080871582031,-120.19349670410156,NEVADA,TRUCKEE,-120.19351959228516,39.325096130371094
92023514,2023,2023-03-21,9230,2023-03-14,"755 ",015944,,2,1,9,2900,0,1,3,,1,031,SR-49,"STREETER ROAD",160.00,S,N,B,C,Y,NEV,,49," "," ",1.677,H,,R,Y,3,0,3,4,A,-,03,22350,,N,D,C,A,B,H,-,A,D,0,,,,,Y,,A,01,0,3,0,0,0,0,0,0,0,"- ","- ",39.035099029541016,-121.09606170654297,NEVADA,UNINCORPORATED,-121.09591674804688,39.035072326660156
92023625,2023,2023-03-21,9222,2023-03-15,1226,017658,,3,1,9,2900,0,1,1,,2,022,"I-80 EASTBOUND","CASTLE PEAK RD.",3200.00,E,N,A,-,Y,NEV,,80," ",R,5.734,H,,R,Y,3,0,2,2,A,-,01,23152,A,F,A,C,A,A,H,-,A,D,0,,,,Y,Y,,A,07,0,1,1,0,0,0,0,0,0,"- ","- ",39.342098236083984,-120.33821105957031,NEVADA,UNINCORPORATED,-120.33818054199219,39.342037200927734
92024971,2023,2023-03-22,9230,2023-03-14,"715 ",021433,,2,1,9,2900,0,1,3,,1,061,"SR-49 S/B","NEWTOWN RD",250.00,N,N,B,C,Y,NEV,,49," "," ",17.568,H,,L,Y,4,0,1,1,A,-,08,22107,,N,E,8,A,B,H,-,A,D,0,,,,,Y,,A,07,0,0,1,0,0,0,0,0,0,"- ","- ",39.269611358642578,-121.05777740478516,NEVADA,UNINCORPORATED,-121.05790710449219,39.269573211669922
92025580,2023,2023-03-22,9222,2023-03-16,"605 ",014397,,4,1,9,2900,0,1,1,,2,024,"I-80 W/B","NEVADA/SIERRA COUNTY LINE",3168.00,W,N,A,-,Y,NEV,,80," "," ",31.161,H,,L,Y,3,0,1,1,A,-,08,22107,,N,E,I,A,C,H,-,B,D,0,,,,,Y,,A,07,0,1,0,0,0,0,0,0,0,"- ","- ",39.440029144287109,-120.01899719238281,NEVADA,UNINCORPORATED,-120.01901245117188,39.440040588378906
92030831,2023,2023-03-28,9222,2023-03-20,1400,018315,,1,2,9,2900,0,3,5,,2,020,"UNICORPORATED FOREST LAND","WESTBOUND I-80",7920.00,N,N,A,-,N,,,,,,,,,,N,2,0,1,1,B,-,22,,,N,H,A,A,C,H,-,A,D,0,,,,,Y,,M,95,1,0,0,0,0,0,0,0,0,"- ","- ",39.203701019287109,-120.182373046875,NEVADA,UNINCORPORATED,,
92031484,2023,2023-03-29,9222,2023-03-23,1435,017550,,4,2,9,2900,0,1,1,,2,024,"I-80 W/B","FARAD /MYSTIC RD. UNDERCROSSING",3250.00,E,N,B,-,Y,NEV,,80," "," ",30.137,H,,L,Y,4,0,1,2,A,-,01,23152,A,N,B,C,A,A,H,-,A,D,0,,,,Y,Y,Y,A,07,0,0,1,0,0,0,0,0,0,"- ","- ",39.430881500244141,-120.03312683105469,NEVADA,UNINCORPORATED,-120.03311920166016,39.430873870849609
92031634,2023,2023-03-29,9230,2023-03-03,1239,018107,,5,1,9,2900,0,1,3,,1,031,SR-49,"CERRITO RD",540.00,S,N,A,-,Y,NEV,,49," "," ",5.257,H,,R,Y,3,0,3,3,C,-,18,,,N,A,C,A,A,H,-,A,D,0,,,,,Y,,-,"- ",0,3,0,0,0,0,0,0,0,"- ","- ",39.085819244384766,-121.08645629882812,NEVADA,UNINCORPORATED,-121.08650970458984,39.085826873779297
92031682,2023,2023-03-29,9230,2023-03-15,1140,017889,,3,1,9,2900,0,3,5,,2,050,"SCOTTS VALLEY RD","WILLOW CREEK LN",220.00,W,N,A,-,N,,,,,,,,,,Y,2,0,2,1,A,-,03,22350,,N,E,8,A,A,E,-,A,D,0,,,,,Y,,D,22,1,1,0,0,0,0,0,0,0,"- ","- ",39.274219512939453,-120.97248840332031,NEVADA,UNINCORPORATED,-120.97612762451172,39.273857116699219
9203427,2020,2021-01-20,2901,2020-11-18,1313,HOO02,21,3,5,2,2901,0,0,0,,0,,"WALSH ST","TOWNSEND ST",0.00,,Y,C,-,N,,,,,,,,,,N,4,0,1,2,A,-,09,21802,B,N,D,C,A,B,H,-,A,A,0,,,,,Y,,A,07,0,0,1,0,0,0,0,0,0,"- ","- ",,,NEVADA,"GRASS VALLEY",-121.06952667236328,39.218379974365234
9203439,2020,2021-03-04,2901,2020-12-02,1143,HOO02,23,3,5,2,2901,0,0,0,,0,,"BRUNSWICK RD","IDAHO MARYLAND RD",0.00,,Y,A,-,N,,,,,,,,,,Y,4,0,1,2,A,-,08,22107,,N,H,C,A,A,H,-,A,A,0,,,,,Y,,D,22,0,0,1,0,0,0,0,0,0,"- ","- ",,,NEVADA,"GRASS VALLEY",-121.02639770507812,39.223911285400391
92034983,2023,2023-05-25,9230,2023-03-24,1155,018691,,5,1,9,2900,0,1,3,,1,031,SR-49,"CRESTVIEW DRIVE",0.00,,Y,A,-,Y,NEV,,49," "," ",12.898,H,,R,Y,4,0,1,2,A,-,03,22350,,N,C,C,A,A,H,-,A,D,0,,,,,Y,,D,22,0,0,1,0,0,0,0,0,0,"- ","- ",39.190879821777344,-121.05238342285156,NEVADA,UNINCORPORATED,-121.05236053466797,39.190883636474609
9203521,2020,2021-02-09,2901,2020-11-13,1715,HOL02,21,5,5,2,2901,0,0,0,,0,,"WEST MAIN ST","S CHURCH ST",0.00,,Y,C,-,N,,,,,,,,,,N,4,0,1,2,A,-,10,21950,A,N,G,B,B,B,H,-,C,A,0,Y,,,,Y,Y,A,01,0,0,1,0,1,0,0,0,0,"- ","- ",,,NEVADA,"GRASS VALLEY",-121.06371307373047,39.219108581542969
9203522,2020,2021-01-15,2901,2020-11-19,1216,HOO02,23,4,5,2,2901,0,0,0,,0,,"MALTMAN DR","OLYMPIA PARK RD",199.00,S,N,A,-,N,,,,,,,,,,N,3,0,1,2,A,-,10,21950,A,N,G,B,F,A,H,-,A,A,0,Y,,,,Y,,A,01,0,1,0,0,1,0,0,0,0,"- ","- ",,,NEVADA,"GRASS VALLEY",-121.03874206542969,39.235374450683594
92035589,2023,2023-04-03,9222,2023-03-23,"715 ",014397,,4,1,9,2900,0,1,1,,2,024,"I-80 W/B","FLORISTON RD",4224.00,W,N,D,-,Y,NEV,,80," "," ",24.162,H,,L,Y,4,0,1,1,A,-,08,22107,,N,E,I,A,B,H,-,A,D,0,,,,,Y,,A,08,0,0,1,0,0,0,0,0,0,"- ","- ",39.372589111328125,-120.05642700195312,NEVADA,UNINCORPORATED,-120.05644226074219,39.372512817382812
92037700,2023,2023-04-05,9222,2023-03-28,1835,020259,,2,2,9,2900,0,1,1,,2,024,"I80 W/B","HIRSCHDALE ROAD",890.00,E,N,D,-,Y,NEV,,80," "," ",22.617,H,,L,N,4,0,1,1,A,-,03,22350,,N,E,I,A,C,H,-,B,D,0,,,,,Y,,A,07,0,0,1,0,0,0,0,0,0,"- ","- ",39.383640289306641,-120.080078125,NEVADA,UNINCORPORATED,-120.08010101318359,39.383594512939453
92037930,2023,2023-04-06,9230,2023-03-24,1125,018107,,5,1,9,2900,0,1,3,,1,031,SR-49,"CRESTVIEW DRIVE",966.00,N,N,A,-,Y,NEV,,49," "," ",13.076,H,,R,Y,3,0,1,2,A,-,03,22350,,N,C,C,A,A,H,-,A,D,0,,,,,Y,,A,07,0,1,0,0,0,0,0,0,0,"- ","- ",39.193229675292969,-121.05375671386719,NEVADA,UNINCORPORATED,-121.0537109375,39.193248748779297
92038601,2023,2023-04-06,9222,2023-04-01,2310,021167,,6,3,9,2900,0,1,1,,2,022,"I-80 W/B","BOREAL RIDGE RD",300.00,E,N,D,-,Y,NEV,,80," ",R,5.417,H,,L,Y,4,0,2,1,A,-,08,22107,,N,E,I,A,C,H,-,D,D,0,,,,,Y,,-,"- ",0,0,2,0,0,0,0,0,0,"- ","- ",39.340400695800781,-120.34577178955078,NEVADA,UNINCORPORATED,-120.34583282470703,39.340522766113281
92039964,2023,2023-04-10,9230,2023-03-30,1706,017889,,4,2,2,2902,0,1,3,,1,051,"SR-20 W/B","UREN ST",0.00,,Y,B,-,Y,NEV,,20," ",R,17.394,H,,L,Y,3,0,1,2,A,-,09,21801,A,N,D,C,A,A,H,-,A,D,0,,,,,Y,,A,07,0,1,0,0,0,0,0,0,0,"- ","- ",39.267890930175781,-121.01519012451172,NEVADA,"NEVADA CITY",-121.01518249511719,39.267864227294922
92040206,2023,2023-04-10,9230,2023-03-28,1525,020059,,2,2,9,2900,0,3,5,,2,030,"ALTA SIERRA DRIVE","BALL ROAD",150.00,S,N,D,-,N,,,,,,,,,,Y,2,0,2,1,A,-,01,23152,A,N,F,A,A,C,H,-,A,D,0,,,,,Y,Y,A,07,1,1,0,0,0,0,0,0,0,"- ","- ",39.144889831542969,-121.06141662597656,NEVADA,UNINCORPORATED,-121.06216430664062,39.145118713378906
92041012,2023,2023-04-10,9222,2023-04-07,1425,017091,,5,2,9,2900,0,1,1,,2,024,"INTERSTATE 80 WESTBOUND","HIRSCHDALE ROAD",13200.00,E,N,B,-,Y,NEV,,80," "," ",24.972,H,,L,Y,4,0,2,4,A,-,03,22350,,N,C,C,A,A,H,-,A,D,0,,,,,Y,,A,07,0,0,2,0,0,0,0,0,0,"- ","- ",39.370319366455078,-120.04222869873047,NEVADA,UNINCORPORATED,-120.04222106933594,39.370265960693359
92043802,2023,2023-04-13,9230,2023-04-01,"55  ",020411,,6,3,9,2900,0,2,4,,2,073,"ROUGH AND READY HIGHWAY","VALLEY DRIVE",0.00,,Y,A,-,N,,,,,,,,,,Y,3,0,1,1,A,-,01,23152,A,N,E,I,A,A,H,-,D,D,0,,,,,Y,Y,A,01,0,1,0,0,0,0,0,0,0,"- ","- ",39.211109161376953,-121.16162109375,NEVADA,UNINCORPORATED,-121.16165924072266,39.211109161376953
92044652,2023,2023-04-13,9230,2023-04-05,"148 ",019233,,3,3,9,2900,0,3,5,,2,050,"BLACK OAK DR","GAYLE LN",285.00,E,N,A,-,N,,,,,,,,,,Y,4,0,1,1,A,-,08,22107,,N,E,8,A,A,H,-,D,D,0,,,,,Y,Y,A,07,0,0,1,0,0,0,0,0,0,"- ","- ",39.234409332275391,-121.01686096191406,NEVADA,UNINCORPORATED,-121.01683807373047,39.2344970703125