CASE_ID,ACCIDENT_YEAR,PROC_DATE,JURIS,COLLISION_DATE,COLLISION_TIME,OFFICER_ID,REPORTING_DISTRICT,DAY_OF_WEEK,CHP_SHIFT,POPULATION,CNTY_CITY_LOC,SPECIAL_COND,BEAT_TYPE,CHP_BEAT_TYPE,CITY_DIVISION_LAPD,CHP_BEAT_CLASS,BEAT_NUMBER,PRIMARY_RD,SECONDARY_RD,DISTANCE,DIRECTION,INTERSECTION,WEATHER_1,WEATHER_2,STATE_HWY_IND,CALTRANS_COUNTY,CALTRANS_DISTRICT,STATE_ROUTE,ROUTE_SUFFIX,POSTMILE_PREFIX,POSTMILE,LOCATION_TYPE,RAMP_INTERSECTION,SIDE_OF_HWY,TOW_AWAY,COLLISION_SEVERITY,NUMBER_KILLED,NUMBER_INJURED,PARTY_COUNT,PRIMARY_COLL_FACTOR,PCF_CODE_OF_VIOL,PCF_VIOL_CATEGORY,PCF_VIOLATION,PCF_VIOL_SUBSECTION,HIT_AND_RUN,TYPE_OF_COLLISION,MVIW,PED_ACTION,ROAD_SURFACE,ROAD_COND_1,ROAD_COND_2,LIGHTING,CONTROL_DEVICE,CHP_ROAD_TYPE,PEDESTRIAN_ACCIDENT,BICYCLE_ACCIDENT,MOTORCYCLE_ACCIDENT,TRUCK_ACCIDENT,NOT_PRIVATE_PROPERTY,ALCOHOL_INVOLVED,STWD_VEHTYPE_AT_FAULT,CHP_VEHTYPE_AT_FAULT,COUNT_SEVERE_INJ,COUNT_VISIBLE_INJ,COUNT_COMPLAINT_PAIN,COUNT_PED_KILLED,COUNT_PED_INJURED,COUNT_BICYCLIST_KILLED,COUNT_BICYCLIST_INJURED,COUNT_MC_KILLED,COUNT_MC_INJURED,PRIMARY_RAMP,SECONDARY_RAMP,LATITUDE,LONGITUDE,COUNTY,CITY,POINT_X,POINT_Y
92046080,2023,2023-04-17,9230,2023-04-01,2316,020013,,6,3,9,2900,0,1,3,,2,032,"SR 49 S/B","MCKNIGHT WAY",2112.00,N,N,A,-,Y,NEV,,49," ",R,14.083,H,,L,N,2,0,1,1,A,-,08,22107,,N,E,I,A,A,H,-,C,A,0,,,,,Y,,-,"- ",1,0,0,0,0,0,0,0,0,"- ","- ",39.204799652099609,-121.06491851806641,NEVADA,UNINCORPORATED,-121.06491088867188,39.204807281494141
92046095,2023,2023-04-17,9230,2023-04-09,2217,020411,,7,3,9,2900,0,3,5,,2,060,"NORTH BLOOMFIELD ROAD","WET HILL ROAD",75.00,N,N,A,-,N,,,,,,,,,,Y,3,0,1,1,A,-,01,23152,A,N,E,I,A,A,H,-,D,D,0,,,,,Y,Y,A,07,0,1,0,0,0,0,0,0,0,"- ","- ",39.272861480712891,-121.02159881591797,NEVADA,UNINCORPORATED,-121.02162933349609,39.272773742675781
92047505,2023,2023-04-18,9222,2023-04-14,"200 ",022255,,5,3,9,2900,0,1,1,,2,023,"I-80 EASTBOUND","FLORISTON ROAD",2530.00,W,N,A,-,Y,NEV,,80," "," ",26.840,H,,R,Y,3,0,1,1,A,-,08,22107,,N,E,I,A,A,H,-,D,D,0,,,,,Y,,-,"- ",0,1,0,0,0,0,0,0,0,"- ","- ",39.387889862060547,-120.02488708496094,NEVADA,UNINCORPORATED,-120.02483367919922,39.387882232666016
92047825,2023,2023-04-18,9230,2023-04-10,1135,017889,,1,1,9,2900,0,3,5,,2,050,"BANNER LAVA CAP RD","RED GATE RD",450.00,E,N,A,-,N,,,,,,,,,,Y,4,0,1,1,A,-,05,21460,A,N,E,I,A,A,H,-,A,D,0,,,,,Y,,D,22,0,0,1,0,0,0,0,0,0,"- ","- ",39.236671447753906,-121.00634002685547,NEVADA,UNINCORPORATED,-121.00625610351562,39.236454010009766
92048408,2023,2023-04-19,9222,2023-04-15,1055,017658,,6,1,9,2900,0,1,1,,2,024,"I-80 EASTBOUND","HIRSCHDALE RD.",15840.00,E,N,A,-,Y,NEV,,80," "," ",23.854,H,,R,Y,4,0,1,1,A,-,08,22107,,N,E,J,A,A,H,-,A,A,0,,,,,Y,,A,01,0,0,1,0,0,0,0,0,0,"- ","- ",39.372909545898438,-120.06223297119141,NEVADA,UNINCORPORATED,-120.06221771240234,39.372966766357422
92048795,2023,2023-04-19,9222,2023-04-16,1600,019294,,7,2,3,2908,0,1,1,,2,023,"INTERSTATE 80 E/B","HIRSCHDALE ROAD",3696.00,W,N,A,-,Y,NEV,,80," "," ",21.751,H,,R,Y,3,0,1,3,A,-,07,21658,A,F,B,C,A,A,H,-,A,D,0,,,,,Y,,-,99,0,1,0,0,0,0,0,0,0,"- ","- ",39.381999969482422,-120.09548187255859,NEVADA,TRUCKEE,-120.095458984375,39.381980895996094
92049492,2023,2023-04-20,9230,2023-03-26,1512,019940,,7,2,2,2901,0,1,3,,2,032,"SR-49 S/B",SR-20,2306.00,S,N,A,-,Y,NEV,,49," ",R,14.063,H,,L,Y,1,1,1,1,A,-,01,23152,A,N,E,I,A,A,H,-,A,D,0,,,,,Y,Y,A,01,1,0,0,0,0,0,0,0,0,"- ","- ",39.204559326171875,-121.06471252441406,NEVADA,"GRASS VALLEY",-121.06465911865234,39.204593658447266
92049908,2023,2025-03-20,9230,2023-03-27,1507,020059,,1,2,9,2900,0,2,4,,1,043,"BRUNSWICK ROAD","STATE ROUTE 174",0.00,,Y,A,-,Y,NEV,,174," "," ",6.827,H,,R,Y,1,1,1,2,A,-,01,23152,A,N,D,2,A,A,H,-,A,A,0,,,,,Y,Y,D,22,0,1,0,0,0,0,0,0,0,"- ","- ",39.198200225830078,-121.01090240478516,NEVADA,UNINCORPORATED,-121.01103973388672,39.198123931884766
92050301,2023,2024-01-31,9230,2023-04-15,2102,020425,,6,2,9,2900,0,3,5,,2,070,"OAK CANYON DRIVE","DEL BONITA WAY",5.00,E,N,A,-,N,,,,,,,,,,N,2,0,1,1,A,-,08,22107,,N,F,A,A,A,H,-,D,D,0,,,Y,,Y,,C,02,1,0,0,0,0,0,0,0,1,"- ","- ",39.200180053710938,-121.22483825683594,NEVADA,UNINCORPORATED,-121.22483062744141,39.20013427734375
92050358,2023,2023-04-21,9230,2023-04-13,"810 ",015944,,4,1,9,2900,0,1,3,,1,031,SR-49,"LA BARR MEADOWS RD",3696.00,N,N,A,-,Y,NEV,,49," ",R,11.047,H,,R,Y,2,0,1,1,A,-,08,22107,,N,E,I,A,A,H,-,A,D,0,,,,,Y,,A,01,1,0,0,0,0,0,0,0,0,"- ","- ",39.164710998535156,-121.05697631835938,NEVADA,UNINCORPORATED,-121.05699920654297,39.164710998535156
92050390,2023,2023-05-15,9230,2023-04-16,1055,018107,,7,1,9,2900,0,1,3,,1,061,SR-49,"DELPHINE LN",30.00,S,N,A,-,Y,NEV,,49," "," ",18.859,H,,R,N,2,0,1,2,A,-,03,22350,,N,C,C,A,A,H,-,A,D,0,,,Y,,Y,,C,02,1,0,0,0,0,0,0,0,1,"- ","- ",39.274101257324219,-121.07904052734375,NEVADA,UNINCORPORATED,-121.07904815673828,39.274093627929688
92051544,2023,2023-04-24,9230,2023-04-20,1442,019940,,4,2,9,2900,0,1,3,,1,031,"SR-49 N/B","WOODRIDGE DR",24.00,N,N,A,-,Y,NEV,,49," "," ",1.947,H,,R,Y,3,0,2,2,A,-,09,21804,A,N,C,C,A,A,H,-,A,A,0,,,,,Y,,-,"- ",0,1,1,0,0,0,0,0,0,"- ","- ",39.03887939453125,-121.09506988525391,NEVADA,UNINCORPORATED,-121.09510040283203,39.038883209228516
92052834,2023,2023-04-25,9222,2023-04-24,"525 ",022255,,1,3,9,2900,0,1,1,,2,023,"I-80 EASTBOUND","FARAD ROAD",21.00,W,N,A,-,Y,NEV,,80," "," ",29.499,H,,R,Y,3,0,1,1,A,-,08,22107,,N,E,I,A,A,H,-,D,D,0,,,,,Y,,-,"- ",0,1,0,0,0,0,0,0,0,"- ","- ",39.422439575195312,-120.03530883789062,NEVADA,UNINCORPORATED,-120.0352783203125,39.422451019287109
92052839,2023,2023-04-25,9230,2023-04-17,1825,020059,,1,2,2,2901,0,1,3,,2,042,"STATE ROUTE 20 E/B TO IDAHO MARYLAND RD.","IDAHO MARYLAND RD",60.00,S,N,B,-,Y,,,,,,,,,,Y,4,0,1,1,A,-,01,23152,A,N,E,8,A,A,H,-,A,D,0,,,,,Y,Y,A,07,0,0,1,0,0,0,0,0,0,"- ","- ",39.222751617431641,-121.04997253417969,NEVADA,"GRASS VALLEY",-121.04997253417969,39.222751617431641
92053175,2023,2023-04-25,9230,2023-04-24,1538,019940,,1,2,9,2900,0,1,3,,1,031,SR-49,"BREWER RD",813.00,N,N,A,-,Y,NEV,,49," "," ",3.535,H,,R,N,4,0,1,2,A,-,03,22350,,N,C,C,A,A,H,-,A,D,0,,,Y,,Y,,C,02,0,0,1,0,0,0,0,0,1,"- ","- ",39.061061859130859,-121.08917236328125,NEVADA,UNINCORPORATED,-121.08915710449219,39.061058044433594
92054353,2023,2023-04-27,9230,2023-04-23,1408,019940,,7,2,9,2900,0,1,3,,1,031,"SR-49 N/B","LA BARR MEADOWS RD",20.00,S,N,A,-,Y,NEV,,49," ",R,10.533,H,,R,Y,3,0,3,2,A,-,03,22350,,N,C,C,A,A,H,-,A,A,0,,,,,Y,,D,22,0,1,2,0,0,0,0,0,0,"- ","- ",39.158000946044922,-121.06092834472656,NEVADA,UNINCORPORATED,-121.06094360351562,39.158008575439453
92054550,2023,2023-04-27,9222,2023-04-19,1800,018315,,3,2,3,2908,0,1,1,,2,022,"I-80 E/B","DONNER PASS ROAD",50.00,N,N,A,-,Y,NEV,,80," "," ",13.135,H,,R,N,3,0,1,1,A,-,03,22350,,N,F,J,A,A,B,-,A,D,0,,,,,Y,,A,07,0,1,0,0,0,0,0,0,0,"- ","- ",39.324119567871094,-120.22737884521484,NEVADA,TRUCKEE,-120.22733306884766,39.324359893798828
92054985,2023,2023-04-27,9230,2023-04-26,1458,019940,,3,2,9,2900,0,3,5,,2,030,"COMBIE RD","WEST HACIENDA DRIVE",0.00,,Y,A,-,N,,,,,,,,,,N,4,0,1,2,A,-,12,21453,A,N,A,C,A,A,H,-,A,A,0,,,,,Y,,A,07,0,0,1,0,0,0,0,0,0,"- ","- ",39.042430877685547,-121.07971954345703,NEVADA,UNINCORPORATED,-121.07968902587891,39.042415618896484
92056175,2023,2023-04-28,9230,2023-04-25,2130,020411,,2,2,2,2901,0,1,3,,2,042,"SR-20 E/B TO BRUNSWICK ROAD","BRUNSWICK ROAD",2.00,W,N,A,-,Y,,,,,,,,,,N,3,0,1,2,A,-,10,21950,A,N,G,B,B,A,H,-,C,A,0,Y,,,,Y,,-,"- ",0,1,0,0,1,0,0,0,0,"- ","- ",39.234649658203125,-121.03533935546875,NEVADA,"GRASS VALLEY",-121.03533935546875,39.234649658203125
92058219,2023,2023-05-01,9230,2023-04-10,2140,021433,,1,2,9,2900,0,3,5,,2,070,"PLEASANT VALLEY RD","MOONEY FLAT RD",850.00,S,N,A,-,N,,,,,,,,,,Y,4,0,1,2,A,-,01,23152,A,M,B,C,A,A,H,-,D,D,0,,,,,Y,Y,A,01,0,0,1,0,0,0,0,0,0,"- ","- ",39.234619140625,-121.21817779541016,NEVADA,UNINCORPORATED,-121.21818542480469,39.234596252441406
92058287,2023,2023-05-01,9222,2023-04-20,1105,014397,,4,1,3,2908,0,1,1,,2,024,"I-80 W/B TO HIRSCHDALE RD","HIRSCHDALE RD",205.00,S,N,A,-,Y,,,,,,,,,,Y,2,0,1,1,A,-,03,22350,,N,E,I,A,A,H,-,A,A,0,,,,,Y,,M,47,1,0,0,0,0,0,0,0,0,"- ","- ",39.38446044921875,-120.08585357666016,NEVADA,TRUCKEE,-120.08585357666016,39.38446044921875
92059222,2023,2023-05-02,9230,2023-04-15,1230,017889,,6,1,2,2902,0,1,3,,1,061,SR-49,"COYOTE ST",30.00,N,N,A,-,Y,NEV,,49," "," ",15.216,H,,R,N,3,0,1,1,A,-,03,22350,,N,F,A,A,A,B,-,A,D,0,,,Y,,Y,,C,02,0,1,0,0,0,0,0,0,1,"- ","- ",39.268768310546875,-121.01766967773438,NEVADA,"NEVADA CITY",-121.01768493652344,39.268741607666016
92060169,2023,2023-05-03,9222,2023-05-01,"110 ",022255,,1,3,9,2900,0,1,1,,2,023,"I-80 WESTBOUND","FARAD ROAD",124.00,E,N,A,-,Y,NEV,,80," "," ",29.506,H,,L,Y,4,0,1,1,A,-,08,22107,,N,E,J,A,A,H,-,D,D,0,,,,,Y,,A,01,0,0,1,0,0,0,0,0,0,"- ","- ",39.422458648681641,-120.03553771972656,NEVADA,UNINCORPORATED,-120.03543090820312,39.422500610351562
92060226,2023,2023-05-03,9222,2023-05-01,"640 ",021995,,1,1,3,2908,0,1,1,,2,023,"I-80 E/B","TRUCKEE WAY",2218.00,W,N,A,-,Y,NEV,,80," "," ",15.834,H,,R,Y,4,0,1,2,A,-,03,22350,,N,C,C,A,A,H,-,A,D,0,,,,Y,Y,,A,07,0,0,1,0,0,0,0,0,0,"- ","- ",39.333549499511719,-120.1815185546875,NEVADA,TRUCKEE,-120.18154144287109,39.333576202392578
92061534,2023,2023-05-04,9230,2023-01-30,1751,020013,,1,2,9,2900,0,2,4,,2,073,"ROUGH AND READY HWY","SQUIRREL CREEK RD",453.00,W,N,A,-,N,,,,,,,,,,N,1,1,1,2,A,-,05,21460,A,N,A,C,A,A,H,-,C,D,0,,,,,Y,,A,01,1,0,0,0,0,0,0,0,0,"- ","- ",39.224178314208984,-121.07669067382812,NEVADA,UNINCORPORATED,-121.07640075683594,39.224044799804688
92062506,2023,2023-05-05,9230,2023-05-02,"730 ",015944,,2,1,9,2900,0,1,3,,2,042,SR-20,"EMPIRE ST",225.00,E,N,B,-,Y,NEV,,20," ",R,12.378,H,,L,Y,3,0,1,1,A,-,08,22107,,N,E,I,A,B,H,-,A,D,0,,,,,Y,,A,07,0,1,0,0,0,0,0,0,0,"- ","- ",39.210700988769531,-121.06797027587891,NEVADA,UNINCORPORATED,-121.06772613525391,39.210597991943359
92062532,2023,2023-05-05,9230,2023-05-02,1515,020308,,2,2,2,2902,0,1,3,,1,051,"SR-20 E/B",SR-49,0.00,,Y,B,C,Y,NEV,,20," ",R,17.395,H,,R,N,3,0,1,2,A,-,09,21802,B,N,D,C,A,B,H,-,A,D,0,,,,,Y,,A,01,0,1,0,0,0,0,0,0,0,"- ","- ",39.267848968505859,-121.01502990722656,NEVADA,"NEVADA CITY",-121.01510620117188,39.267845153808594
92063747,2023,2023-05-08,9230,2023-04-26,1009,016426,,3,1,9,2900,0,1,3,,1,071,SR-20,"ROUGH AND READY HWY",1500.00,E,N,A,-,Y,NEV,,20," ",R,7.037,H,,R,Y,2,0,2,4,A,-,03,22350,,N,C,C,A,A,C,-,A,D,0,,,Y,,Y,,D,22,1,0,1,0,0,0,0,0,1,"- ","- ",39.204608917236328,-121.16169738769531,NEVADA,UNINCORPORATED,-121.16168975830078,39.20458984375
92064112,2023,2023-05-08,9222,2023-05-01,1108,021995,,1,1,9,2900,0,1,1,,2,022,"I-80 W/B","DONNER LAKE INTERCHANGE",3168.00,W,N,B,-,Y,NEV,,80," ",R,8.425,H,,L,Y,3,0,1,2,A,-,01,23152,G,M,C,C,A,A,H,-,A,D,0,,,,Y,Y,Y,A,01,0,1,0,0,0,0,0,0,0,"- ","- ",39.328529357910156,-120.30023193359375,NEVADA,UNINCORPORATED,-120.30024719238281,39.328506469726562
92064185,2023,2023-05-08,9222,2023-05-05,1910,019294,,5,2,9,2900,0,1,1,,2,021,"INTERSTATE 80 W/B",KINGVALE,9504.00,E,N,D,-,Y,NEV,,80," "," ",1.329,H,,L,Y,3,0,1,1,A,-,03,22350,,N,E,I,A,C,H,-,A,D,0,,,,,Y,,A,01,0,1,0,0,0,0,0,0,0,"- ","- ",39.324508666992188,-120.41384887695312,NEVADA,UNINCORPORATED,-120.41384887695312,39.324459075927734
92064270,2023,2023-05-08,9230,2023-04-22,2030,020425,,6,2,9,2900,0,1,3,,1,061,"SR49 N/B","NISHINAM GULCH RD",948.00,N,N,B,-,Y,NEV,,49," "," ",20.312,H,,R,Y,4,0,1,1,A,-,01,23152,A,N,E,I,A,A,H,-,D,D,0,,,,,Y,Y,A,01,0,0,1,0,0,0,0,0,0,"- ","- ",39.281398773193359,-121.10178375244141,NEVADA,UNINCORPORATED,-121.10176086425781,39.281398773193359
92068643,2023,2023-05-15,9221,2023-05-06,1550,019565,,6,2,9,2900,0,1,1,,2,387,"I-80 W/B","EAGLE LAKES RD",2746.00,E,N,D,-,Y,NEV,,80," ",R,62.695,H,,L,Y,3,0,2,1,A,-,01,23152,A,N,E,I,A,C,H,-,A,D,0,,,,,Y,Y,A,07,0,1,1,0,0,0,0,0,0,"- ","- ",39.316570281982422,-120.55664825439453,NEVADA,UNINCORPORATED,-120.55673217773438,39.316505432128906
92068686,2023,2023-05-15,9230,2023-05-07,2020,020107,,7,2,9,2900,0,3,5,,2,040,"WHEELER CROSS RD","DOG BAR ROAD",320.00,E,N,A,-,N,,,,,,,,,,Y,3,0,1,1,A,-,01,23152,A,N,E,8,A,A,H,-,D,D,0,,,,,Y,Y,A,07,0,1,0,0,0,0,0,0,0,"- ","- ",39.160369873046875,-121.04012298583984,NEVADA,UNINCORPORATED,-121.04027557373047,39.1605224609375
92068993,2023,2023-05-15,9230,2023-05-07,1415,017889,,7,2,9,2900,0,3,5,,2,050,"N BLOOMFIELD RD","COUNTRYWOOD LN",528.00,S,N,A,-,N,,,,,,,,,,Y,4,0,1,1,C,-,18,,,N,E,I,A,A,H,-,A,A,0,,,,,Y,,-,"- ",0,0,1,0,0,0,0,0,0,"- ","- ",39.292629241943359,-120.98709106445312,NEVADA,UNINCORPORATED,-120.98675537109375,39.29315185546875
92069110,2023,2023-05-15,9230,2023-05-12,"840 ",016426,,5,1,9,2900,0,2,4,,2,073,"ROUGH AND READY HWY","MATAS WECKS RD",500.00,W,N,A,-,N,,,,,,,,,,Y,4,0,1,2,A,-,05,21460,A,N,B,C,A,A,H,-,A,D,0,,,,,Y,,A,01,0,0,1,0,0,0,0,0,0,"- ","- ",39.217281341552734,-121.1561279296875,NEVADA,UNINCORPORATED,-121.15640258789062,39.216808319091797
92069779,2023,2023-05-16,9230,2023-04-23,"300 ",018107,,7,3,9,2900,0,1,3,,1,071,SR-20,"SOUTH PONDEROSA WAY",4398.00,W,N,A,-,Y,NEV,,20," ",R,9.262,H,,R,Y,3,0,1,1,A,-,08,22107,,M,E,8,A,A,H,-,D,D,0,,,,,Y,,A,01,0,1,0,0,0,0,0,0,0,"- ","- ",39.208980560302734,-121.12167358398438,NEVADA,UNINCORPORATED,-121.12164306640625,39.209064483642578
92069796,2023,2023-05-16,9230,2023-05-09,2110,020059,,2,2,2,2901,0,1,3,,2,042,"STATE ROUTE 20","IDAHO MARYLAND RD",780.00,W,N,A,-,Y,NEV,,20," ",R,13.451,H,,R,Y,3,0,1,1,A,-,01,23152,A,N,E,I,A,A,H,-,C,D,0,,,,,Y,Y,A,01,0,1,0,0,0,0,0,0,0,"- ","- ",39.220760345458984,-121.05309295654297,NEVADA,"GRASS VALLEY",-121.05310821533203,39.220783233642578
92070110,2023,2023-05-16,9230,2023-04-24,1055,018107,,1,1,9,2900,0,3,5,,2,070,"BITNEY SPRINGS RD","DOUGLAS LN",150.00,S,N,A,-,N,,,,,,,,,,N,3,0,1,1,A,-,08,22107,,N,E,8,A,A,H,-,A,D,0,,,Y,,Y,,C,02,0,1,0,0,0,0,0,0,1,"- ","- ",39.237270355224609,-121.10327911376953,NEVADA,UNINCORPORATED,-121.10445404052734,39.23699951171875
92070206,2023,2023-05-16,9222,2023-05-04,1435,017550,,4,2,9,2900,0,1,1,,2,024,"I-80 W/B","I-80 W/B HIRSCHDALE OFF",2950.00,E,N,C,D,Y,NEV,,80," "," ",22.978,H,,L,Y,2,0,6,1,A,-,08,22107,,N,F,A,A,B,H,-,A,D,0,,,,,Y,,A,07,2,4,0,0,0,0,0,0,0,"- ","- ",39.380771636962891,-120.07444763183594,NEVADA,UNINCORPORATED,-120.07448577880859,39.3807373046875
92070969,2023,2023-05-17,9230,2023-05-09,"540 ",016426,,2,3,9,2900,0,1,3,,1,071,SR-20,"SOUTH PONDEROSA WAY",4070.00,E,N,A,-,Y,NEV,,20," ",R,10.918,H,,R,Y,2,0,2,2,A,-,09,21804,A,N,D,C,A,A,H,-,B,D,0,,,Y,,Y,,A,01,1,1,0,0,0,0,0,0,1,"- ","- ",39.208580017089844,-121.092529296875,NEVADA,UNINCORPORATED,-121.09260559082031,39.208797454833984
92071805,2023,2023-05-18,9230,2023-05-09,1730,020107,,2,2,9,2900,0,3,5,,2,030,"LIME KILN ROAD","RETRAC ROAD",500.00,W,N,A,-,N,,,,,,,,,,Y,3,0,1,1,A,-,01,23152,A,N,E,8,A,A,H,-,A,D,0,,,Y,,Y,Y,-,"- ",0,1,0,0,0,0,0,0,1,"- ","- ",39.105911254882812,-121.08744812011719,NEVADA,UNINCORPORATED,-121.08741760253906,39.107330322265625
92074276,2023,2023-05-22,9230,2023-05-12,1610,020308,,5,2,9,2900,0,3,5,,2,070,"BITNEY SPRINGS RD","LAZY ACRES CT",50.00,W,N,A,-,N,,,,,,,,,,N,4,0,1,2,A,-,01,23152,A,N,A,2,A,A,H,-,A,D,0,,,,,Y,Y,A,07,0,0,1,0,0,0,0,0,0,"- ","- ",39.239181518554688,-121.10614013671875,NEVADA,UNINCORPORATED,-121.10624694824219,39.239189147949219
92075357,2023,2023-05-23,9222,2023-05-21,1550,018315,,7,2,3,2908,0,1,1,,2,023,"I-80 W/B","HIRSCHDALE RD",528.00,W,N,A,-,Y,NEV,,80," "," ",21.858,H,,L,Y,4,0,3,2,A,-,03,22350,,N,C,C,A,A,H,-,A,D,0,,,,,Y,,A,01,0,0,3,0,0,0,0,0,0,"- ","- ",39.383041381835938,-120.09400939941406,NEVADA,TRUCKEE,-120.093994140625,39.383014678955078
92076165,2023,2023-05-24,9230,2023-05-19,1430,020425,,5,2,9,2900,0,1,3,,1,031,SR-49,"LIME KILN ROAD",184.00,S,N,A,-,Y,NEV,,49," "," ",7.139,H,,R,Y,3,0,2,2,A,-,03,22350,,N,C,C,A,A,H,-,A,A,0,,,,,Y,,-,"- ",0,2,0,0,0,0,0,0,0,"- ","- ",39.112461090087891,-121.08249664306641,NEVADA,UNINCORPORATED,-121.08247375488281,39.112453460693359
92076169,2023,2023-05-24,9230,2023-05-12,1415,020425,,5,2,9,2900,0,1,3,,1,051,SR-20,"LOWELL HILL ROAD",5966.00,E,N,A,-,Y,NEV,,20," "," ",39.543,H,,R,Y,2,0,1,1,A,-,08,22107,,N,F,8,A,A,H,-,A,D,0,,,,,Y,,D,22,1,0,0,0,0,0,0,0,0,"- ","- ",39.304859161376953,-120.70845031738281,NEVADA,UNINCORPORATED,-120.70848083496094,39.304885864257812
92076173,2023,2023-05-24,9230,2023-05-12,2100,020425,,5,2,9,2900,0,3,5,,2,050,"QUAKER HILL CROSS ROAD","BANNER QUAKER HILL ROAD",2635.00,W,N,A,-,N,,,,,,,,,,Y,4,0,1,1,A,-,01,23152,A,N,E,I,A,A,H,-,D,D,0,,,,,Y,Y,A,07,0,0,1,0,0,0,0,0,0,"- ","- ",39.260261535644531,-120.94474029541016,NEVADA,UNINCORPORATED,-120.94454193115234,39.260162353515625
92076571,2023,2023-05-24,9230,2023-05-18,"938 ",019235,,4,1,9,2900,0,3,5,,2,060,"PLEASANT VALLEY ROAD","COVERT WAY",211.00,E,N,A,-,N,,,,,,,,,,Y,3,0,2,2,A,-,05,21460,A,N,B,C,A,A,H,-,A,D,0,,,,,Y,,D,22,0,2,0,0,0,0,0,0,0,"- ","- ",39.305320739746094,-121.15331268310547,NEVADA,UNINCORPORATED,-121.15336608886719,39.30523681640625
92077447,2023,2023-05-25,9230,2023-05-24,"50  ",019233,,3,3,9,2900,0,1,3,,1,041,SR-174,"WILD DUCK LN",528.00,N,N,A,-,Y,NEV,,174," "," ",3.053,H,,R,Y,3,0,1,1,A,-,08,22107,,N,F,A,A,A,H,-,D,D,0,,,Y,,Y,,C,02,0,1,0,0,0,0,0,0,1,"- ","- ",39.171871185302734,-120.97274780273438,NEVADA,UNINCORPORATED,-120.97267150878906,39.171871185302734
92077535,2023,2023-05-25,9230,2023-05-17,"835 ",015944,,3,1,9,2900,0,1,3,,1,031,SR-49,"OAK DRIVE",490.00,N,N,A,-,Y,NEV,,49," "," ",6.607,H,,R,Y,3,0,1,1,A,-,08,22107,,N,E,8,A,A,H,-,A,D,0,,,,,Y,,A,01,0,1,0,0,0,0,0,0,0,"- ","- ",39.105308532714844,-121.08522796630859,NEVADA,UNINCORPORATED,-121.08536529541016,39.105319976806641
92079220,2023,2023-05-26,9222,2023-05-18,2159,020259,,4,2,9,2900,0,1,1,,2,023,"I80 E/B","HIRSCHDALE RD",0.00,,Y,A,-,Y,,,,,,,,,,Y,2,0,2,1,A,-,03,22350,,N,E,8,A,A,H,-,D,A,0,,,,Y,Y,,G,25,2,0,0,0,0,0,0,0,0,"- ","- ",39.383579254150391,-120.08249664306641,NEVADA,UNINCORPORATED,-120.08293151855469,39.383926391601562
92081042,2023,2023-05-30,9222,2023-05-18,1730,016340,,4,2,9,2900,0,1,1,,2,021,"INTERSTATE 80 EASTBOUND","SODA SPRINGS OVERCROSSING",1495.00,E,N,A,-,Y,NEV,,80," ",R,2.764,H,,R,Y,3,0,2,1,A,-,08,22107,,N,E,I,A,A,D,-,A,D,0,,,,,Y,,A,01,0,2,0,0,0,0,0,0,0,"- ","- ",39.327491760253906,-120.38771820068359,NEVADA,UNINCORPORATED,-120.38768005371094,39.327377319335938
92081312,2023,2023-05-30,9230,2023-05-26,"905 ",018691,,5,1,9,2900,0,3,5,,2,040,"LOWER COLFAX RD","LAWS RANCH CROSS ROAD",0.00,,Y,A,-,N,,,,,,,,,,N,3,0,1,2,A,-,09,21801,A,N,A,G,A,A,H,-,A,D,0,,Y,,,Y,,A,01,0,1,0,0,0,0,1,0,0,"- ","- ",39.193691253662109,-121.011962890625,NEVADA,UNINCORPORATED,-121.01241302490234,39.192596435546875
92081399,2023,2023-05-30,9221,2023-05-18,"950 ",015908,,4,1,9,2900,0,1,1,,2,387,"I-80 WB OFF TO SR-20",SR-20,75.00,E,N,A,-,Y,NEV,,20," "," ",45.516,H,,R,Y,3,0,1,1,A,-,08,22107,,N,E,I,A,A,H,-,A,D,0,,,,,Y,,A,07,0,1,0,0,0,0,0,0,0,"- ","- ",39.322589874267578,-120.6063232421875,NEVADA,UNINCORPORATED,-120.60630035400391,39.322372436523438
92082180,2023,2023-05-31,9230,2023-05-28,1835,020059,,7,2,9,2900,0,1,3,,2,052,"STATE ROUTE 20","PINE FLAT ROAD",2132.00,E,N,A,-,Y,NEV,,20," "," ",24.252,H,,R,Y,2,0,1,2,A,-,05,21460,A,N,A,C,A,A,H,-,A,D,0,,,,,Y,,A,01,1,0,0,0,0,0,0,0,0,"- ","- ",39.293819427490234,-120.93044281005859,NEVADA,UNINCORPORATED,-120.93044281005859,39.2938232421875