CASE_ID,ACCIDENT_YEAR,PROC_DATE,JURIS,COLLISION_DATE,COLLISION_TIME,OFFICER_ID,REPORTING_DISTRICT,DAY_OF_WEEK,CHP_SHIFT,POPULATION,CNTY_CITY_LOC,SPECIAL_COND,BEAT_TYPE,CHP_BEAT_TYPE,CITY_DIVISION_LAPD,CHP_BEAT_CLASS,BEAT_NUMBER,PRIMARY_RD,SECONDARY_RD,DISTANCE,DIRECTION,INTERSECTION,WEATHER_1,WEATHER_2,STATE_HWY_IND,CALTRANS_COUNTY,CALTRANS_DISTRICT,STATE_ROUTE,ROUTE_SUFFIX,POSTMILE_PREFIX,POSTMILE,LOCATION_TYPE,RAMP_INTERSECTION,SIDE_OF_HWY,TOW_AWAY,COLLISION_SEVERITY,NUMBER_KILLED,NUMBER_INJURED,PARTY_COUNT,PRIMARY_COLL_FACTOR,PCF_CODE_OF_VIOL,PCF_VIOL_CATEGORY,PCF_VIOLATION,PCF_VIOL_SUBSECTION,HIT_AND_RUN,TYPE_OF_COLLISION,MVIW,PED_ACTION,ROAD_SURFACE,ROAD_COND_1,ROAD_COND_2,LIGHTING,CONTROL_DEVICE,CHP_ROAD_TYPE,PEDESTRIAN_ACCIDENT,BICYCLE_ACCIDENT,MOTORCYCLE_ACCIDENT,TRUCK_ACCIDENT,NOT_PRIVATE_PROPERTY,ALCOHOL_INVOLVED,STWD_VEHTYPE_AT_FAULT,CHP_VEHTYPE_AT_FAULT,COUNT_SEVERE_INJ,COUNT_VISIBLE_INJ,COUNT_COMPLAINT_PAIN,COUNT_PED_KILLED,COUNT_PED_INJURED,COUNT_BICYCLIST_KILLED,COUNT_BICYCLIST_INJURED,COUNT_MC_KILLED,COUNT_MC_INJURED,PRIMARY_RAMP,SECONDARY_RAMP,LATITUDE,LONGITUDE,COUNTY,CITY,POINT_X,POINT_Y
94879829,2025,2025-10-09,9230,2025-10-08,"18  ",021433,,3,3,9,2900,0,1,3,,1,051,SR-20,"RIDGEWOOD ROAD",3168.00,E,N,A,-,Y,NEV,,20," "," ",29.200,H,,R,N,4,0,1,1,A,-,08,22107,,N,F,A,A,A,H,-,D,D,0,,,,Y,Y,,G,25,0,0,1,0,0,0,0,0,0,"- ","- ",39.322898864746094,-120.85270690917969,NEVADA,UNINCORPORATED,-120.85275268554688,39.322818756103516
94883431,2025,2025-10-13,9230,2025-09-29,1330,022007,,1,1,9,2900,0,1,3,,1,051,SR-20,"LAURENTIAN WAY",2245.00,W,N,B,-,Y,NEV,,20," "," ",26.241,H,,R,N,4,0,1,1,A,-,08,22107,,N,E,I,A,A,H,-,A,D,0,,,,,Y,,A,01,0,0,1,0,0,0,0,0,0,"- ","- ",39.313560485839844,-120.90444946289062,NEVADA,UNINCORPORATED,-120.90446472167969,39.313591003417969
94884588,2025,2025-10-13,9222,2025-10-07,1647,017091,,2,2,9,2900,0,3,5,,2,020,"DONNER PASS ROAD","SOUTH SHORE DRIVE",5280.00,W,N,A,-,N,,,,,,,,,,Y,3,0,1,1,A,-,03,22350,,N,E,8,A,A,H,-,A,D,0,,,,,Y,Y,A,01,0,1,0,0,0,0,0,0,0,"- ","- ",39.329059600830078,-120.30818939208984,NEVADA,UNINCORPORATED,-120.30693054199219,39.327133178710938
94889840,2025,2025-10-16,9230,2025-10-05,2015,020059,,7,2,9,2900,0,1,3,,1,051,"STATE ROUTE 20","LAST CHANCE MINE ROAD",3026.00,W,N,A,-,Y,NEV,,20," "," ",36.817,H,,R,Y,2,0,1,2,A,-,08,22107,,N,E,8,A,A,H,-,D,D,0,,,,,Y,,E,22,1,0,0,0,0,0,0,0,0,"- ","- ",39.319328308105469,-120.73480987548828,NEVADA,UNINCORPORATED,-120.73479461669922,39.319381713867188
94890182,2025,2025-10-16,9222,2025-10-13,1235,017091,,1,1,9,2900,0,1,1,,2,022,"INTERSTATE 80 EASTBOUND","CASTLE PEAK ROAD",400.00,E,N,B,D,Y,NEV,,80," ",R,5.148,H,,R,Y,3,0,1,1,A,-,03,22350,,N,F,0,A,B,H,-,A,D,0,,,,,Y,,A,01,0,1,0,0,0,0,0,0,0,"- ","- ",39.338878631591797,-120.34835815429688,NEVADA,UNINCORPORATED,-120.34844207763672,39.339057922363281
94891379,2025,2025-10-17,9230,2025-10-10,1625,021152,,5,2,9,2900,0,3,5,,2,060,"TYLER FOOTE ROAD","ANANDA WAY",0.00,,Y,A,-,N,,,,,,,,,,Y,4,0,1,2,A,-,09,21802,A,N,D,C,A,A,H,-,A,D,0,,,,,Y,,A,01,0,0,1,0,0,0,0,0,0,"- ","- ",39.368049621582031,-121.04582977294922,NEVADA,UNINCORPORATED,-121.04589080810547,39.3680419921875
94894339,2025,2025-10-20,9230,2025-10-08,1643,020447,,3,2,2,2901,0,1,3,,2,042,"SR-20 W/B","IDAHO MARYLAND RD",660.00,W,N,A,-,Y,NEV,,20," ",R,13.469,H,,L,Y,3,0,1,1,A,-,01,23152,A,N,E,8,A,A,H,-,A,D,0,,,,,Y,Y,A,07,0,1,0,0,0,0,0,0,0,"- ","- ",39.221149444580078,-121.05319976806641,NEVADA,"GRASS VALLEY",-121.05303955078125,39.220951080322266
94894347,2025,2025-11-13,9230,2025-10-14,1635,020447,,2,2,9,2900,0,3,5,,2,030,"WOLF ROAD","SADDLEBACK LANE",50.00,E,N,B,C,N,,,,,,,,,,Y,3,0,1,1,A,-,08,22107,,N,E,I,A,B,H,-,A,D,0,,,,,Y,,D,22,0,1,0,0,0,0,0,0,0,"- ","- ",39.066329956054688,-121.12850189208984,NEVADA,UNINCORPORATED,-121.12858581542969,39.066272735595703
94896255,2025,2025-10-21,9222,2025-10-14,1400,017091,,2,2,9,2900,0,1,1,,2,024,"INTERSTATE 80 EASTBOUND","FARAD U/C",2640.00,W,N,B,-,Y,NEV,,80," "," ",28.999,H,,R,Y,3,0,1,1,A,-,08,22107,,N,E,8,A,B,H,-,A,D,0,,,,,Y,,A,01,0,1,0,0,0,0,0,0,0,"- ","- ",39.416648864746094,-120.02973937988281,NEVADA,UNINCORPORATED,-120.02980041503906,39.416618347167969
94901794,2025,2025-10-27,9230,2025-10-04,"405 ",024230,,6,3,9,2900,0,1,3,,1,031,"SR-49 S/B","MCKNIGHT ROAD",530.00,S,N,A,-,N,,,,,,,,,,Y,3,0,1,1,A,-,05,21651,B,M,E,8,A,A,H,-,C,D,0,,,,,Y,,A,01,0,1,0,0,0,0,0,0,0,"- ","- ",39.199298858642578,-121.05843353271484,NEVADA,UNINCORPORATED,-121.05829620361328,39.199275970458984
94905695,2025,2025-10-28,9222,2025-10-17,1540,020552,,5,2,9,2900,0,1,1,,2,024,"I-80 E/B","FLORISTON WAY",5280.00,W,N,A,-,Y,NEV,,80," "," ",25.475,H,,R,N,4,0,1,1,A,-,03,22350,,N,E,J,A,A,H,-,A,D,0,,,Y,,Y,,C,02,0,0,1,0,0,0,0,0,1,"- ","- ",39.372871398925781,-120.03359222412109,NEVADA,UNINCORPORATED,-120.03358459472656,39.372856140136719
94905736,2025,2025-10-28,9230,2025-10-21,1045,018691,,2,1,9,2900,0,3,5,,2,040,"LOWER COLFAX ROAD","MOUNT OLIVE ROAD",1500.00,N,N,A,-,N,,,,,,,,,,N,2,0,1,2,A,-,09,21801,A,N,D,G,A,A,E,-,A,A,0,,Y,,,Y,,A,07,1,0,0,0,0,0,1,0,0,"- ","- ",39.149169921875,-120.96916961669922,NEVADA,UNINCORPORATED,-120.96880340576172,39.149120330810547
94911178,2025,2025-10-31,9230,2025-10-29,1155,018691,,3,1,9,2900,0,3,5,,2,040,"LOMA RICA DRIVE","GRASS VALLEY AVENUE",0.00,,Y,A,-,N,,,,,,,,,,Y,3,0,2,2,A,-,12,22450,A,N,D,C,A,A,H,-,A,A,0,,,,,Y,,A,07,0,1,1,0,0,0,0,0,0,"- ","- ",39.221229553222656,-121.01251220703125,NEVADA,UNINCORPORATED,-121.01256561279297,39.221206665039062
94917621,2025,2025-11-10,9230,2025-10-22,1710,021631,,3,2,9,2900,0,3,5,,2,060,SR-49,"CEMETERY ALLEY",100.00,S,N,A,-,Y,NEV,,49," "," ",29.801,H,,R,N,4,0,1,2,A,-,04,21703,,N,C,C,A,A,H,-,A,D,0,,,,,Y,Y,A,07,0,0,1,0,0,0,0,0,0,"- ","- ",39.369510650634766,-121.10578918457031,NEVADA,UNINCORPORATED,-121.10579681396484,39.369525909423828
94917858,2025,2025-11-10,9230,2025-10-25,1125,019423,,6,1,9,2900,0,1,3,,1,061,SR-49,"SHOSHONI TRAIL COURT",220.00,S,N,C,-,Y,NEV,,49," "," ",18.152,H,,R,N,4,0,1,1,A,-,08,22107,,N,E,I,A,B,H,-,A,D,0,,,,,Y,,A,07,0,0,1,0,0,0,0,0,0,"- ","- ",39.272098541259766,-121.06752014160156,NEVADA,UNINCORPORATED,-121.06753540039062,39.272071838378906
94918988,2025,2025-11-11,9230,2025-10-30,1309,018107,,4,1,9,2900,0,2,4,,2,072,"RIDGE ROAD","NEVADA CITY HWY",827.00,W,N,A,-,N,,,,,,,,,,N,3,0,1,1,A,-,08,22107,,N,E,I,A,A,H,-,A,D,0,,,,,Y,,D,22,0,1,0,0,0,0,0,0,0,"- ","- ",39.246829986572266,-121.03106689453125,NEVADA,UNINCORPORATED,-121.03025817871094,39.247016906738281
94919847,2025,2025-11-11,9230,2025-10-31,"739 ",019423,,5,1,9,2900,0,2,4,,2,073,"ROUGH AND READY HWY","WEST DRIVE",500.00,W,N,A,-,N,,,,,,,,,,N,4,0,1,1,A,-,08,22107,,N,F,A,A,A,H,-,A,D,0,,,Y,,Y,,C,02,0,0,1,0,0,0,0,0,1,"- ","- ",39.229408264160156,-121.10269165039062,NEVADA,UNINCORPORATED,-121.10264587402344,39.229442596435547
94921161,2025,2025-11-12,9222,2025-11-04,1338,017091,,2,1,9,2900,0,1,1,,2,024,"INTERSTATE 80 EASTBOUND",FARAD,5544.00,E,N,A,-,Y,NEV,,80," "," ",30.496,H,,R,Y,3,0,2,3,A,-,08,22107,,N,F,0,A,A,H,-,A,D,0,,,Y,Y,Y,Y,C,02,0,2,0,0,0,0,0,0,1,"- ","- ",39.433971405029297,-120.02790069580078,NEVADA,UNINCORPORATED,-120.02793884277344,39.434009552001953
94921168,2025,2025-11-12,9222,2025-10-24,1410,024874,,5,2,9,2900,0,1,1,,2,021,"WB I-80","SODA SPRINGS",6600.00,W,N,A,-,N,,,,,,,,,,Y,4,0,1,1,A,-,08,22107,,N,E,J,A,A,H,-,A,D,0,,,,,Y,,A,07,0,0,1,0,0,0,0,0,0,"- ","- ",39.323581695556641,-120.41699981689453,NEVADA,UNINCORPORATED,,
94922915,2025,2025-11-12,9230,2025-11-05,"835 ",018691,,3,1,9,2900,0,1,3,,1,041,SR-174,"BARTLETT DRIVE",210.00,N,N,B,C,Y,NEV,,174," "," ",8.700,H,,R,N,4,0,1,2,A,-,03,22350,,N,C,C,A,B,H,-,A,A,0,,,,,Y,,A,07,0,0,1,0,0,0,0,0,0,"- ","- ",39.205978393554688,-121.03943634033203,NEVADA,UNINCORPORATED,-121.03944396972656,39.205978393554688
94922996,2025,2025-11-12,9230,2025-11-02,1750,021631,,7,2,9,2900,0,1,3,,1,031,"SR-49 S/B","WOLF ROAD",3168.00,N,N,A,-,Y,NEV,,49," "," ",2.849,H,,L,Y,4,0,1,1,C,-,18,,,N,E,J,A,A,H,-,C,D,0,,,,,Y,,-,"- ",0,0,1,0,0,0,0,0,0,"- ","- ",39.0518798828125,-121.0936279296875,NEVADA,UNINCORPORATED,-121.09364318847656,39.0518798828125
94923796,2025,2025-11-12,9230,2025-10-28,2011,021631,,2,2,9,2900,0,3,5,,2,060,"MAYBERT ROAD","WASHINGTON ROAD",5227.00,E,N,A,-,N,,,,,,,,,,N,2,0,1,1,A,-,01,23152,A,N,F,0,A,A,H,-,D,D,0,,,,,Y,Y,A,07,1,0,0,0,0,0,0,0,0,"- ","- ",39.358070373535156,-120.77984619140625,NEVADA,UNINCORPORATED,-120.78125762939453,39.358173370361328
94923814,2025,2025-11-12,9230,2025-11-06,1628,021433,,4,2,9,2900,0,1,3,,1,051,SR-20,"LOS ALTOS LANE",900.00,W,N,B,-,Y,NEV,,20," "," ",22.347,H,,R,N,4,0,2,1,C,-,18,,,N,H,H,A,A,H,-,B,D,0,,,,,Y,,-,"- ",0,0,2,0,0,0,0,0,0,"- ","- ",39.285099029541016,-120.96280670166016,NEVADA,UNINCORPORATED,-120.96281433105469,39.285114288330078
94923854,2025,2025-11-12,9230,2025-11-07,1008,018691,,5,1,9,2900,0,1,3,,1,041,"STATE ROUTE-174","BRUNSWICK ROAD",0.00,,Y,B,C,Y,NEV,,174," "," ",6.829,H,,R,Y,4,0,1,2,A,-,12,22450,A,N,D,C,A,B,H,-,A,A,0,,,,,Y,,E,22,0,0,1,0,0,0,0,0,0,"- ","- ",39.198169708251953,-121.01103973388672,NEVADA,UNINCORPORATED,-121.01107025146484,39.198154449462891
94924778,2025,2025-11-12,9222,2025-10-30,"650 ",024874,,4,1,9,2900,0,3,5,,2,020,"DONNER PASS ROAD","BILLY MACK ROAD",0.00,,Y,A,-,N,,,,,,,,,,Y,3,0,1,1,A,-,08,22107,,N,F,I,A,A,H,-,A,D,0,,,,,Y,,A,08,0,1,0,0,0,0,0,0,0,"- ","- ",39.327228546142578,-120.30792236328125,NEVADA,UNINCORPORATED,-120.30595397949219,39.327022552490234
94924782,2025,2025-11-12,9222,2025-11-05,"905 ",019294,,3,1,9,2900,0,1,1,,2,021,"INTERSTATE 80 E/B","CASTLE PEAK ROAD",5808.00,W,N,D,-,Y,NEV,,80," ",R,3.983,H,,R,Y,4,0,1,1,A,-,03,22350,,N,E,I,A,C,H,-,A,D,0,,,,,Y,,D,22,0,0,1,0,0,0,0,0,0,"- ","- ",39.329521179199219,-120.36618041992188,NEVADA,UNINCORPORATED,-120.36621856689453,39.329574584960938
94924787,2025,2025-11-12,9222,2025-11-07,"445 ",024874,,5,3,9,2900,0,1,1,,2,023,"EB I-80 E OF HIRSCHDALE",HIRSCHDALE,3538.00,E,N,B,-,Y,NEV,,80," "," ",21.779,H,,R,N,3,0,1,1,C,-,18,,,N,E,H,A,A,H,-,D,D,0,,,,,Y,,-,"- ",0,1,0,0,0,0,0,0,0,"- ","- ",39.382179260253906,-120.09499359130859,NEVADA,UNINCORPORATED,-120.09503936767578,39.382232666015625
94925851,2025,2025-11-12,9230,2025-11-06,1335,018107,,4,1,9,2900,0,2,4,,2,073,"ROUGH AND READY HIGHWAY","COOK ROAD",35.00,W,N,A,-,N,,,,,,,,,,Y,4,0,1,2,A,-,03,22350,,N,C,C,A,B,H,-,A,D,0,,,,,Y,,A,07,0,0,1,0,0,0,0,0,0,"- ","- ",39.220188140869141,-121.15142822265625,NEVADA,UNINCORPORATED,-121.15121459960938,39.220230102539062
94925886,2025,2025-11-12,9230,2025-11-07,"835 ",020411,,5,1,9,2900,0,3,5,,2,070,"BITNEY SPRINGS ROAD","EMPRESS ROAD",300.00,N,N,B,C,N,,,,,,,,,,Y,4,0,1,1,A,-,08,22107,,N,F,A,A,B,H,-,A,A,0,,,,,Y,,A,01,0,0,1,0,0,0,0,0,0,"- ","- ",39.253421783447266,-121.11628723144531,NEVADA,UNINCORPORATED,-121.11619567871094,39.253383636474609
94925938,2025,2025-11-12,9222,2025-10-21,"414 ",024694,,2,3,9,2900,0,1,1,,2,022,"I-80 WB",DLI,4752.00,W,N,A,-,Y,NEV,,80," ",R,7.858,H,,L,Y,3,0,1,1,A,-,01,23152,F,N,E,I,A,A,H,-,D,D,0,,,,,Y,,A,01,0,1,0,0,0,0,0,0,0,"- ","- ",39.335399627685547,-120.30577087402344,NEVADA,UNINCORPORATED,-120.30563354492188,39.335433959960938
94926244,2025,2025-11-12,9230,2025-11-07,2135,022640,,5,2,9,2900,0,1,3,,1,031,"STATE ROUTE 49","LIME KILN ROAD",0.00,,Y,A,-,Y,NEV,,49," "," ",7.174,H,,R,Y,4,0,2,2,A,-,09,21801,A,N,A,C,A,A,H,-,C,A,0,,,,,Y,,A,07,0,0,2,0,0,0,0,0,0,"- ","- ",39.112930297851562,-121.08229064941406,NEVADA,UNINCORPORATED,-121.08228302001953,39.112926483154297
94933268,2025,2025-11-17,9230,2025-10-31,1300,022640,,5,1,9,2900,0,3,5,,2,030,"DOG BAR ROAD","LORIE DRIVE",720.00,S,N,A,-,N,,,,,,,,,,Y,2,0,1,1,A,-,08,22107,,N,F,0,A,A,H,-,A,D,0,,,Y,,Y,,C,02,1,0,0,0,0,0,0,0,1,"- ","- ",39.144599914550781,-121.02984619140625,NEVADA,UNINCORPORATED,-121.03008270263672,39.144645690917969
94933293,2025,2025-11-17,9230,2025-11-08,2205,021152,,6,3,9,2900,0,3,5,,2,030,"MCCOURTNEY ROAD","LIME KILN ROAD",528.00,S,N,B,-,N,,,,,,,,,,N,2,0,1,1,A,-,08,22107,,N,E,I,A,A,H,-,D,D,0,,,Y,,Y,,C,02,1,0,0,0,0,0,0,0,1,"- ","- ",39.096721649169922,-121.15190887451172,NEVADA,UNINCORPORATED,-121.15187072753906,39.097286224365234
94933305,2025,2026-01-28,9230,2025-10-24,1231,019423,,5,1,9,2900,0,2,4,,2,073,"ROUGH AND READY HIGHWAY","COOK RD",1000.00,S,N,A,-,N,,,,,,,,,,Y,4,0,1,2,A,-,01,23152,A,N,A,C,A,A,H,-,A,D,0,,,,,Y,Y,D,22,0,0,1,0,0,0,0,0,0,"- ","- ",39.219730377197266,-121.15450286865234,NEVADA,UNINCORPORATED,-121.15444946289062,39.219730377197266
94934392,2025,2025-11-17,9222,2025-11-07,1727,024831,,5,2,9,2900,0,1,1,,2,024,"I-80 EB","FARAD ROAD",500.00,W,N,A,-,Y,NEV,,80," "," ",29.214,H,,R,Y,3,0,1,1,A,-,08,22107,,N,E,I,A,A,H,-,C,D,0,,,,,Y,,A,08,0,1,0,0,0,0,0,0,0,"- ","- ",39.419239044189453,-120.03199005126953,NEVADA,UNINCORPORATED,-120.03202819824219,39.419219970703125
94934450,2025,2025-11-17,9230,2025-11-12,1720,021631,,3,2,9,2900,0,1,3,,1,031,SR-49,"SMITH ROAD",15.00,N,N,B,-,Y,NEV,,49," "," ",12.588,H,,R,N,4,0,1,2,A,-,09,21802,A,N,D,C,A,A,H,-,D,A,0,,,,,Y,,D,22,0,0,1,0,0,0,0,0,0,"- ","- ",39.186389923095703,-121.05210876464844,NEVADA,UNINCORPORATED,-121.052001953125,39.186378479003906
94935394,2025,2025-11-18,9230,2025-11-05,1750,021433,,3,2,9,2900,0,3,5,,2,030,"NORLENE WAY","TAMMY WAY",0.00,,Y,B,-,N,,,,,,,,,,Y,3,0,1,2,A,-,01,23152,A,N,A,C,A,B,H,-,D,D,0,,,,,Y,Y,A,07,0,1,0,0,0,0,0,0,0,"- ","- ",39.134078979492188,-121.05706024169922,NEVADA,UNINCORPORATED,-121.05706024169922,39.133979797363281
94935506,2025,2025-11-18,9230,2025-11-10,1230,015944,,1,1,2,2902,0,1,3,,1,061,SR-49,"NORTH BLOOMFIELD RD",0.00,,Y,A,-,Y,NEV,,49," "," ",15.389,H,,R,Y,4,0,2,2,A,-,12,21453,A,N,D,C,A,A,H,-,A,A,0,,,,,Y,,A,07,0,0,2,0,0,0,0,0,0,"- ","- ",39.269130706787109,-121.02094268798828,NEVADA,"NEVADA CITY",-121.02093505859375,39.269096374511719
94935709,2025,2025-11-18,9230,2025-10-18,1650,021631,,6,2,9,2900,0,3,5,,2,030,"KAREN DRIVE","BUCK MOUNTAIN ROAD",265.00,W,N,A,-,N,,,,,,,,,,Y,1,1,0,1,A,-,08,22107,,N,E,8,A,A,H,-,A,D,0,,,Y,,Y,,C,02,0,0,0,0,0,0,0,1,0,"- ","- ",39.108798980712891,-121.0772705078125,NEVADA,UNINCORPORATED,-121.07728576660156,39.108798980712891
94936028,2025,2025-11-18,9222,2025-11-12,1155,016852,,3,1,9,2900,0,1,1,,2,022,"INTERSTATE 80 (I-80)[ALAN S. HART FREEWAY] WESTBOU","CASTLE PEAK / BOREAL RIDGE ROAD",3168.00,E,N,A,-,Y,NEV,,80," ",R,5.786,H,,L,Y,4,0,2,2,A,-,03,22350,,N,C,C,A,A,H,-,A,D,0,,,,Y,Y,,F,26,0,0,2,0,0,0,0,0,0,"- ","- ",39.342441558837891,-120.33937835693359,NEVADA,UNINCORPORATED,-120.33935546875,39.342388153076172
9493684,2022,2022-09-22,2908,2022-08-27,1114,6542,13,6,5,3,2908,0,0,0,,0,,"COMSTOCK DR","ALDER DR",0.00,,Y,A,-,N,,,,,,,,,,Y,4,0,2,2,A,-,09,21802,A,N,D,C,A,A,H,-,A,A,0,,,,,Y,,A,07,0,0,2,0,0,0,0,0,0,"- ","- ",,,NEVADA,TRUCKEE,-120.17826080322266,39.346279144287109
94944883,2025,2025-11-24,9230,2025-11-07,1245,024230,,5,1,9,2900,0,1,3,,1,031,SR-49,"ALTA SIERRA DR",565.00,N,N,A,-,Y,NEV,,49," "," ",9.336,H,,R,N,3,0,2,3,A,-,03,22350,,N,C,C,A,A,H,-,A,A,0,,,,,Y,,D,22,0,1,1,0,0,0,0,0,0,"- ","- ",39.142780303955078,-121.07077789306641,NEVADA,UNINCORPORATED,-121.07071685791016,39.142765045166016
94944889,2025,2025-11-24,9222,2025-11-05,"420 ",024694,,3,3,9,2900,0,1,1,,2,023,"I-80 EB","OVERLAND TRAIL",8870.00,E,N,A,-,Y,NEV,,80," "," ",20.022,H,,R,Y,2,0,1,1,A,-,01,23152,A,N,E,I,A,A,H,-,D,D,0,,,,,Y,Y,A,01,1,0,0,0,0,0,0,0,0,"- ","- ",39.364509582519531,-120.11699676513672,NEVADA,UNINCORPORATED,-120.11710357666016,39.364627838134766
94944899,2025,2025-11-24,9230,2025-11-08,"745 ",024230,,6,1,9,2900,0,3,5,,2,040,"RATTLESNAKE ROAD","RATTLESNAKE RIDGE DRIVE",695.00,S,N,A,-,N,,,,,,,,,,Y,3,0,1,1,A,-,01,23152,A,N,F,A,A,A,H,-,A,D,0,,,,,Y,Y,A,07,0,1,0,0,0,0,0,0,0,"- ","- ",39.183261871337891,-121.03031921386719,NEVADA,UNINCORPORATED,-121.03034973144531,39.183338165283203
94945253,2025,2025-11-24,9230,2025-11-16,1353,019423,,7,1,9,2900,0,1,3,,1,071,SR-20,"WILD TURKEY LANE",900.00,E,N,C,-,Y,NEV,,20," ",R,0.902,H,,R,Y,4,0,1,1,A,-,03,22350,,N,F,A,A,B,H,-,A,D,0,,,,,Y,,D,22,0,0,1,0,0,0,0,0,0,"- ","- ",39.204048156738281,-121.26638031005859,NEVADA,UNINCORPORATED,-121.26638793945312,39.204002380371094
94946748,2025,2025-11-25,9230,2025-11-18,1057,018107,,2,1,9,2900,0,2,4,,2,072,"RIDGE ROAD","MANZANITA DRIVE",20.00,E,N,A,-,N,,,,,,,,,,Y,3,0,1,2,A,-,03,22350,,N,C,C,A,A,H,-,A,D,0,,,,,Y,,A,01,0,1,0,0,0,0,0,0,0,"- ","- ",39.229850769042969,-121.07756042480469,NEVADA,UNINCORPORATED,-121.07755279541016,39.229854583740234
94947043,2025,2025-11-25,9221,2025-11-14,1725,024225,,5,2,2,2902,0,1,1,,2,387,"INTERSTATE 80 EASTBOUND","STATE ROUTE 20",550.00,E,N,A,-,Y,NEV,,80," ",R,59.660,H,,R,Y,3,0,1,1,A,-,08,22107,,N,E,I,A,A,H,-,A,D,0,,,,,Y,,A,07,0,1,0,0,0,0,0,0,0,"- ","- ",39.324211120605469,-120.60240173339844,NEVADA,"NEVADA CITY",-120.60257720947266,39.324310302734375
94947295,2025,2025-11-25,9230,2025-11-21,"802 ",020447,,5,1,9,2900,0,1,3,,1,071,SR-20,"S PONDEROSA WAY",2360.00,W,N,A,-,Y,NEV,,20," ",R,9.636,H,,R,Y,3,0,5,2,A,-,03,22350,,N,C,C,A,A,H,-,A,D,0,,,,,Y,,A,07,0,3,2,0,0,0,0,0,0,"- ","- ",39.20635986328125,-121.11570739746094,NEVADA,UNINCORPORATED,-121.11567687988281,39.206401824951172
94947296,2025,2025-11-25,9230,2025-11-21,"945 ",018691,,5,1,9,2900,0,1,3,,1,071,"STATE ROUTE 20","BRIGHTON STREET OVERCROSSING",3960.00,W,N,A,-,Y,NEV,,20," ",R,10.998,H,,R,Y,3,0,1,2,A,-,03,22350,,N,C,C,A,A,H,-,A,D,0,,,,,Y,,D,22,0,1,0,0,0,0,0,0,0,"- ","- ",39.209079742431641,-121.09114837646484,NEVADA,UNINCORPORATED,-121.09114837646484,39.209079742431641
94952792,2025,2025-12-01,9222,2025-11-21,1135,024874,,5,1,3,2908,0,1,1,,2,023,"I-80 WB","SR-89 SOUTH",2059.00,W,N,A,-,Y,NEV,,80," "," ",14.601,H,,L,Y,3,0,1,1,A,-,08,22107,,N,E,I,A,A,H,-,A,D,0,,,,,Y,,A,01,0,1,0,0,0,0,0,0,0,"- ","- ",39.323528289794922,-120.19992065429688,NEVADA,TRUCKEE,-120.19991302490234,39.323513031005859
94954000,2025,2025-12-02,9230,2025-10-21,2130,020411,,2,2,9,2900,0,1,3,,1,031,"STATE ROUTE 49","BETHEL CHURCH WAY",45.00,S,N,A,-,Y,NEV,,49," "," ",11.886,H,,R,N,1,1,0,2,A,-,11,21954,A,N,G,B,E,A,H,-,D,A,0,Y,,,,Y,,N,60,0,0,0,1,0,0,0,0,0,"- ","- ",39.176181793212891,-121.05384063720703,NEVADA,UNINCORPORATED,-121.05376434326172,39.176174163818359
94954644,2025,2025-12-02,9230,2025-11-19,1810,020425,,3,2,9,2900,0,1,3,,1,071,SR-20,"PENN VALLEY DRIVE",0.00,,Y,B,-,Y,NEV,,20," ",R,6.602,H,,R,Y,4,0,1,2,A,-,12,21453,A,N,A,C,A,A,H,-,C,A,0,,,,,Y,,A,07,0,0,1,0,0,0,0,0,0,"- ","- ",39.203239440917969,-121.16951751708984,NEVADA,UNINCORPORATED,-121.16951751708984,39.2032470703125
94954709,2025,2025-12-02,9222,2025-11-25,"957 ",017091,,2,1,9,2900,0,1,1,,2,022,"INTERSTATE 80 EASTBOUND","DONNER LAKE ROAD",1056.00,W,N,A,-,Y,NEV,,80," ",R,8.826,H,,R,Y,3,0,1,1,A,-,08,22107,,N,E,8,A,A,H,-,A,D,0,,,,,Y,,A,07,0,1,0,0,0,0,0,0,0,"- ","- ",39.329769134521484,-120.29221343994141,NEVADA,UNINCORPORATED,-120.29222869873047,39.329780578613281
94955964,2025,2025-12-03,9230,2025-11-24,1040,015944,,1,1,9,2900,0,3,5,,2,030,"COMBIE ROAD","HIGGINS ROAD",1056.00,E,N,A,-,N,,,,,,,,,,Y,4,0,1,3,A,-,03,22350,,N,C,C,A,A,H,-,A,D,0,,,,,Y,,A,07,0,0,1,0,0,0,0,0,0,"- ","- ",39.042949676513672,-121.08995819091797,NEVADA,UNINCORPORATED,-121.08852386474609,39.042987823486328
94956128,2025,2025-12-03,9230,2025-11-26,"803 ",018691,,3,1,9,2900,0,1,3,,1,071,"STATE ROUTE 20","CRESCENZI PLACE",0.00,,Y,E,-,Y,NEV,,20," ",R,1.159,H,,R,Y,4,0,1,3,A,-,03,22350,,N,C,C,A,A,H,-,A,D,0,,,,,Y,,A,01,0,0,1,0,0,0,0,0,0,"- ","- ",39.205520629882812,-121.26216125488281,NEVADA,UNINCORPORATED,-121.26218414306641,39.205547332763672